DEA88AFE51EF9031CC80797E30EC6933668FC6E7F5949E64BC563B5683803D35	11	.eslintignore
83C5315BCE8935ED03E1C6306D1C59AB04D2E20DAF9C2B0070F1EA830796B085	1445	.eslintrc.json
319E2DC8107F3710D70C6497B1CC0C9C24F99C999393C793618EB7DE4D9AD3C2	1927	.gitignore
53A1AB84D4751A66265E1077CCF5F6CDBE1E46D44F7AA02162DA61D371520FE7	3661	config/PW7404-1026-spacebot-production-nginx-20260711.conf
CE8AE7B74AE50CA60EF326584F7B8968DC9F1E3522D12DEC9ED16575A423B2A0	20467	config/PW7404-1027-spacebot-runtime-supervisor-v0-20260711.json
44B6FE231A1A1E5F0531BD22B96915C52CBFA8B7A8B74C9F46D682FAF0F23D62	3289	config/PW7404-1071-spacebot-production-nginx-20260712.conf
E41E35F4BF2BB2D21D7FF617E41B4B4774A5FF7FE47D695677910DD3BD81FCD2	32496	docs/AGENT_A_REPORT.md
52FE5F9BC3421789BCAA541D5117739C9F42C57C766BA338BEB0503F95005B25	25798	docs/AGENT_B_REPORT.md
A510536F7468393AB9D72879B0CB080FCC08BA998DFF641EF5170B4BE2AB35AD	29869	docs/AGENT_C_REPORT.md
723C164BF8CA510DD619C1764D70EE2A059D6FF1C94C11D1CBF2A878ED2DC916	26249	docs/AGENT_D_R3_REPORT.md
D8B2A6B007255AD1AD06330E3D8FA7B5579D1E933FA18178BC11C2E434164EBC	36619	docs/AGENT_D_REPORT.md
870541EAC32EE7E8E8C735671E3D9C5283F25C3B474999CDB6AE610762023BEF	24446	docs/AGENT_E_REPORT.md
08F0B4BEBC1709ACDA8980CB56C275B5A991D83E2F00CA247FE4C26CE66E2627	7669	docs/AUDIT_STATUS.md
57ADD1A7CB314A7CFBEF4FC7835D99EC9DE4ED9A9BC62E6BB656FE5AD8FEE4EC	8072	docs/INTEGRATION_CHECK.md
DBFAB687E6CF17185EA1EC8DDC3591385CEA3745D46B868DEE6A860211D418B6	8936	docs/PREFLIGHT_VERDICT.md
4D6850C4934C40FE8D3E69BA6871AB3376CB45C7AA36D37DF938FCFCFCC0BDCF	14320	docs/PW7404-1019-SPACEBOT-SPACE-FRONT-BOARD-20260709.md
515588674F114D3E7871C71A078F230F7AAF48DDB94DC67AD716B9792D608F12	2672	docs/PW7404-1020-SPACEBOT-RELEASE-INTEGRITY-MANIFEST-20260709.md
4931C1A0AFC2FBFAAA1F19C0670DB1377D5C5E7FAF21F5E1A733943FEBCC59D4	4058	docs/PW7404-1058-SPACEBOT-CANONICAL-LAB-RESIDENTS-RELEASE-20260712.md
233586F318EA32ACF6F4F69FD72F5591E5EFD384F9EA6C03A41C8BE96B923478	5493	docs/PW7404-1073-SPACEBOT-TRUST-CONTAINMENT-RELEASE-20260712.md
28DA91632375F32E09BAFF4BB058BB0E70688641A9E7EA3D007A075206FA8F57	4138	docs/SCHEMA_TRUTH.md
9CE11F8A9CD9D5ABA6622CBC8751836CFDD34A8A71B1DD8DBF5DEE8F109CD0B2	6454	docs/TS_ERROR_TRIAGE.md
0220C4CD9A1C5F8971D176DDF77F939DEEF3A91B6F9EF2B1E4D9763E088187D4	28914	dorylus/alpha.ts
E05E2885DB990DF063C7C7366D7DAB63381F397BC1C938A52F1A2FBCEEFC7957	17627	dorylus/clock-tools.ts
D7679A260F6EC8070AB7D1762514A1A15140CA28477D57F25E0EF0D950F751A8	8937	dorylus/config.ts
B5D79A1AB4DBFF3CADA53D4634B53F0C991D7B8CA2E19647F4DEC5EB524CF447	18155	dorylus/flight-recorder.ts
B4614899CD204C14B0AEFD64FD5FB9AD33A5D9AFAF410861556D24833187BA0D	769	dorylus/index.ts
8475513B73AA498BD2EAB8EB9F14AB34079B028BC552E8B4B5C8BEBA82FAEE30	18792	dorylus/life-engine.ts
041A6572BBB818F1ED413BA879C759408F67DD44255F54747E4F6C652F408D87	11169	dorylus/life-scheduler.ts
D7117AE7E7F07A927CE9036B82BAA1018F251BBC063245F99FF9EC649733112F	40060	dorylus/orchestrator.ts
DC45D5AA293CC099FFD3253D8BAA07A63FDC48FD284FAA4A05EFCE612B7BA111	8151	dorylus/personality.ts
65F6443348691C54D1C3C06A98709A235EED570DA1BF8F3E02ED38545620A7FF	21156	dorylus/route-plan.ts
FFC61D83125580FC426B2DB9EB1DFB5CB01E98CB8DDF750A5350059956B6CB34	1279	dorylus/sanitize.ts
BDBB11CDEF13D94CD32DDE852E8AC0AAFF0369FE88DFBDD29F1C72CFF8DF9ACE	17245	dorylus/science-math.ts
1370375AC5519A3761B315413C5496FBB11A675FB72AE7BE2A5841F37A7D6EE4	15508	dorylus/tracker.ts
110D3E490588E99EE4629E1875A50107C2DEABB1A026C172BA1459824793672C	18599	dorylus/types.ts
2A972C76CC596E1F4455DEBCCE833439085768188A855C9540BA4209ADE55CE4	33586	dorylus/wingman.ts
AAAD19EDB0468F2C452DC1E890CBD666F5B74F313C78C9EA34E433578A1A2687	1090	drizzle.config.ts
D8B79C7657398C6E220C13C6C86BA884CDD61B8BB9B1B239853ECE2E4599D0AD	2273	drizzle/migrations/PW7404-1021-01-reconcile-test-claim-orphan-20260710.sql
142B5D4C8A42284508D133CAF308A626F0B4F6228F2E3EE951E845DA5B0ABED6	2685	drizzle/migrations/PW7404-1021-02-agent-claim-residency-20260710.sql
9522118BD9301C87AA8FDC37E52EE0D0822B6F87577F113F726E27567B67AF8F	9361	drizzle/migrations/PW7404-1025-01-prepare-agent-credentials-20260710.sql
1BBEB78C053B0E1AF6E073F8D7ADEB5F1EE4F0D502CB96B61B8BB6E4ECC0E4FC	15469	drizzle/migrations/PW7404-1025-02-merge-founding-agent-identities-20260710.sql
7685C1F2F669A1C8F05AF3FE39CFB2CD08E9533317764EEA61DCC1C6AD927273	3644	drizzle/migrations/PW7404-1034-01-canonical-lucy-cycle-scope-20260711.sql
3A3622C3ED43AD0C843907A515F5873AB326DE8982B8E00586D4E8C1A69DB865	443	drizzle/migrations/PW7404-1034-02-canonical-chat-unique-index-20260711.sql
7197FD24C09112FA1D55E441FDD9F3B449E159CAE38FA86EBC8C2E3897EC7C32	1897	drizzle/migrations/PW7404-1040-01-canonical-agent-messaging-20260711.sql
A49118F6986F9D934B7289806658A95BA7F89599BD1EBF0267A47DB1698081E1	799	drizzle/migrations/PW7404-1040-02-canonical-agent-messaging-indexes-20260711.sql
D70153C990F8F8B1EC5A1AE6DB47705C7633D7E19E8FBE4EBDC54940229BA17C	213	drizzle/migrations/PW7404-1040-03-remove-public-private-message-copies-20260711.sql
B82310C1F8240B7EF07FFE1B626C387C8D7B1373F47D214668A9C757B728A8A5	1055	drizzle/migrations/PW7404-1044-01-canonical-agent-relationships-20260711.sql
9134381693F085EBF08C90BC66C695A6B44C39AB38FB9B731D74381640031127	543	drizzle/migrations/PW7404-1044-02-canonical-agent-conversation-indexes-20260711.sql
DB1F57E1D663B012AA460857DEBB8CCEE7F820D97C12FF0E3C0A372D666C3151	373	drizzle/migrations/PW7404-1044-ROLLBACK-preserve-canonical-relationships-20260711.sql
34FAA489A82B4E5BBD15663252657B00D42A33443257590441AC7AF791C3E326	6779	drizzle/migrations/PW7404-1047-01-credential-first-residency-20260711.sql
2EEA3497255BA95EF5060BCF55E33BEE711DFA99665F88477482188CF8851746	462	drizzle/migrations/PW7404-1047-02-resident-visibility-index-20260711.sql
B4EF729EB63F314DC092E202C0DEEC032E2E6A9E0B1870A57CCE28A9B3BE759C	2004	drizzle/migrations/PW7404-1047-ROLLBACK-preserve-forward-residency-20260711.sql
C6DCE508894E0EE86D1F8B11F5CD3204F678BB8F79C77B7BA910179E553307AB	15762	drizzle/migrations/PW7404-1051-01-canonical-resident-tasks-20260712.sql
9C167AD7429260A08929466CA6010518008136E1C05172AEB5E603F4144A59F1	4262	drizzle/migrations/PW7404-1051-ROLLBACK-preserve-resident-task-ledger-20260712.sql
0F2512439C3FE95DF0C5FE10E078DA76E852CC18043C645860A7CB8CD233A358	125	ecosystem.config.cjs
C9972DE042FF02E78CFECDF0D87EE7B24302E2DC29F4A87F0B355BA9B61BB47A	728	ecosystem.config.js
67A15170DA75DED1D396907D0EF1B7C7DA765722014CF9280110C2FE5AA56720	295	headless/renderHeadless.ts
C955AB5A22D164DF3FA2C97FCA47D0F288FEB780912DEA57D872519F4A786E53	248	newsspace-editor/config.js
EB7517CB0323F47BC73F79AC98B927AFFBDDEFD9AB26A162ACE4F3D0C9235FB0	471	newsspace-editor/db.js
A9BA0F83BE409A80B7FF146135A33A9E824ABBEA8C114665D61C01CD63204661	1899	newsspace-editor/editor-prompt.js
9A529ACACE49795D74EB6810C3AA98631EDD9A901632EF66B524EA55A5BD5980	2923	newsspace-editor/evaluate.js
A9CC6531494EFC8628A3F4EC754D4EB7CF6C9DBD21F40FB884348CEEF049122D	3005	newsspace-editor/index.js
4220F16E607EF91DF1548842A28463134A6D0F879E002E830E57CAE2280CC25B	1142	newsspace-editor/package-lock.json
157E96CFEA5EC668027BEDE240EB2FB4FCA0F51F0643542D07D8ECDEEDA6C2BC	258	newsspace-editor/package.json
9DD9D642CDB87D4D5B3173217E0C45429B3E47A6F5CF5FB0EAD6C644EC5FED01	228	next-env.d.ts
EB3FF02EC65D7F81086B6218D8B0D63CF4E1144EE409E253746379747E2A7691	1983	next.config.js
FDBE5DF201785699CA718F01187E7255D6059443A9DB67C27599D791C0F87D15	803033	package-lock.json
1E4C403A1CADF75D933493F8BC14CA5E18C59F63521390311ADD166CA7635AB9	7515	package.json
FA650B380ADFABB151A0B352F7135E107E6352345F899060F1C5C231228F94BF	83	postcss.config.js
788A55A1F4CB885A7AEAD31B269B84946AB3CEFF46AD2D27E13D73649ADCB3C2	21669	public/apple-touch-icon.png
531264D61C81191BEA834FA895526F62DB82BBC6F1DE8B7DFB9D2B1432C534DB	606	public/apple-touch-icon.svg
DEBC58030C81AE2C6E82BFE972CB1B05902A3B4960EAF67D3E9F7A657E32CC5C	15342	public/favicon.ico
788A55A1F4CB885A7AEAD31B269B84946AB3CEFF46AD2D27E13D73649ADCB3C2	21669	public/favicon.png
2AE226D77AE53264098E469BACE3F8784963E5F17616FD7B90356A83FF4EB563	216932	public/fonts/DECTerminalModern.ttf
9176BDFD4B99A24414B69AFADD60E80C6A847943620D5E94FE03CA866F47E522	85424	public/fonts/DECTerminalModern.woff
D8D60969258DAF549EBAA75DEE72E303BB4032CFD202F977B807B7B83A0B2CEE	88228	public/fonts/Glass_TTY_VT220.ttf
D4C4FB27BA1A57316D032EE03F00101EBF848F9DBE8210EC51E6E9831D0052C9	2964	public/heartbeat.md
D65364F1FFB9344626C9217CF3E76AC01DFA0EE3F58E95978AFB43DDBA452415	1377	public/logo.svg
2E36E446BB1DBF72A5BAF5A54F47D1BF89268B91AE0D1999F8E289C883178764	523514	public/nexus-7-og.png
FF7625EE8CA353C8A3152F23882995A5FAFD3C0ACA79AFB54F6D8729E3ABBCDF	254	public/robots.txt
074B8334B9D59AC188786B10A251043D28014F92963C9AA855567BE09C73DC3B	1093	public/sitemap.xml
BFF0AC557F0B4951479C9FBC9133A9825F187A68DAC593440A44693B4F519162	16001	public/skill.md
788A55A1F4CB885A7AEAD31B269B84946AB3CEFF46AD2D27E13D73649ADCB3C2	21669	public/spacebot-favicon.png
E49919CB935176CFFF162F120E867238CBBFE03F673138066248A5F994F67150	552	safe-build.sh
AD1206D17BFE4325C0FFD3C90E6821AE9A65E702E1D40A4FE1464CD964894117	17248	scripts/PW7404-1020-verify-spacebot-release-integrity.ps1
29EB026967874B79D39B4EBE07517C51A13027CFFB3B659A56097535E7283ECD	3686	scripts/PW7404-1021-apply-agent-claim-residency.mjs
F3B0B7E10CA1755E10B4A977C558184A1A9AE348964A4805C968438CA81F0267	2886	scripts/PW7404-1023-spacebot-release-paths-20260710.txt
2B5D7F8650FA33B4608DEAAEEA71E214B5337088867C6C8EA25775EFBE74C119	2387	scripts/PW7404-1024-verify-agent-identity-contract.mjs
04648D96F6445205549072A96F8C607FB87CBBA2CB9C78C7BAA21AA409FA41C0	29749	scripts/PW7404-1025-apply-one-agent-identity.mjs
5936FC92880C6D5940DFD71EC406CB7BAA33A08BB35D121A8735DBF78AF4F50A	7368	scripts/PW7404-1025-verify-canonical-agent-identity.mjs
089E96EFBB5940EA929030FAAFF55969C8DFFB8C3BB9A7541CD6771B61598A98	6808	scripts/PW7404-1026-verify-claim-resident-world.mjs
61CCD4721DA2FDF3F0A10744AB6B71A8DCCE03F2C45F15725F86045000D8CBF3	20262	scripts/PW7404-1027-check-runtime-supervisor.mjs
9734618EA97C6DB6CF2C37B384553C8F7ACDC85E7E609E6A15FE3EDC0D92EF4F	8161	scripts/PW7404-1028-verify-lucy-cycle-contract.mjs
49710966A2F7021EDD1AF090263684220CCD129410B28C8D8F482392F513B140	7967	scripts/PW7404-1029-verify-experience-privacy-boundary.mjs
57E2F651BCC27E1F6BDEC2D1ED3F8887EA8E6F6915034A4189DF79067BC3996C	5975	scripts/PW7404-1031-verify-chat-target-resolver.mjs
52810AC238753A301A771F3D801716E29BE5A6211951AA906A66F0EEE5C3C3DD	8269	scripts/PW7404-1032-verify-lucy-internal-auth.mjs
30B1BBDBB5BA562CBCCD1894D320741BAB616CF56937CEEED95BAE02CD3081E1	6754	scripts/PW7404-1033-verify-public-chat-contract.mjs
2DBAC5272D4141ED0D7D76B124BD385DF684CE862F4F4CEF2B5D5EB06F2B0123	3416	scripts/PW7404-1034-verify-canonical-lucy-cycle-scope.mjs
83AB6BD0E577326C29AF3B60F026E5452149C80177E20D68F29FC84F4E664608	4814	scripts/PW7404-1035-verify-lucy-cycle-database.mjs
469439EF0A81EA50A7AE04B37923C75F0171F0281D8652F957C7713731CA0E5C	1448	scripts/PW7404-1036-spacebot-canonical-lucy-release-paths-20260711.txt
A7E5D5CB4BCAFA043333B03BE32699426049D06E20D9AB30F26838F118B5F054	4564	scripts/PW7404-1037-verify-chat-idempotency.mjs
44CA7326A7B73E1F624E31C7F57AB8CCD438BB7B50E89BA4435B3350570AD42A	15004	scripts/PW7404-1038-verify-chat-admission-contention.mjs
D2B17C587BCE88FD2D191367D7411F86CF356EFC2FADCB8E5694A948F423B308	535	scripts/PW7404-1039-spacebot-chat-contention-release-paths-20260711.txt
F75A0D1C9724A203E864240B2673CA27709B2E9C5BD6AEE09BF3502A87D5963A	9286	scripts/PW7404-1040-apply-canonical-agent-messaging.mjs
F1DEAC07EB00A8CECE7FE2424BC4EB1F11183FDBA0FC83ADDECC10967C711072	1066	scripts/PW7404-1040-spacebot-agent-messaging-release-paths-20260711.txt
6A7771284E2C32143EA31C1426D9AD9A5431E1401A6A0F7AFFA40FAF03DF7A04	7859	scripts/PW7404-1041-verify-agent-messaging-contract.mjs
722A0097520B31281C7A39FCD3F406AE38FFC81CEB14F5317A1BBB52A53C67D8	10036	scripts/PW7404-1042-verify-agent-messaging-database.mjs
9A1D73287276189748D8BC7B999A9B4C45398203B11E5FA65842B6E101D2EBAC	7961	scripts/PW7404-1043-verify-agent-messaging-http.mjs
7E1237085A35E8717F0EAE3B731ACB7AC55EF3CD6E46A668768A2E19E44E9465	7610	scripts/PW7404-1044-apply-canonical-agent-relationships.mjs
658393B04BFB6F481BC9975287208FD15C8F3DD129BD3A7B8C4903C7E8C4C314	1597	scripts/PW7404-1044-spacebot-agent-relationships-release-paths-20260711.txt
EB0A0128F5ED2DAA9A9AF84E03B086F80D0369E82574D8E078D4D9326B3E6D65	4381	scripts/PW7404-1044-verify-agent-relationships.mjs
84F454F5AA1BF3D9FC3FB1627126C26687FEAD576AFAE557556EB3FD5E53CA63	8623	scripts/PW7404-1045-verify-agent-relationships-http.mjs
FA356FD4E87E506DC97CB5D78A325D38402A25726E6AE14B9CFD599F918E4A51	14716	scripts/PW7404-1047-apply-credential-first-residency.mjs
358209E7E784ABF6082C6C0AE1747E0E6FB6A7C779B35DD6257AC8746B09DE18	2834	scripts/PW7404-1047-spacebot-credential-first-residency-release-paths-20260711.txt
97AFDB739E6219831136A45BAFC2663B52236066AD8093CF9C9B1A57B197CF8B	10089	scripts/PW7404-1048-verify-credential-first-residency.mjs
CE789778C630AAD98D7B6ED9ED1FFF060CAFA7EBF505D0B9A9333B6262AEF9E5	16309	scripts/PW7404-1049-verify-credential-first-residency-http.mjs
00C0CFF9DA5EEC1E691A8E9A9404D414FBC7DEA2636575C705D22C0AD2DFB20C	1008	scripts/PW7404-1050-package-standalone-assets.mjs
80D920D9FE4FABFA8E35FE7A94D1CE02F885CB0AC32B03BB654FBE16F0B9F18D	23675	scripts/PW7404-1051-apply-canonical-resident-tasks.mjs
0633BC6B9A41CAA1993E17477953440BFF952C6D3879ACD1AB1C6CADF362BFAD	1299	scripts/PW7404-1051-spacebot-resident-tasks-wall-release-paths-20260712.txt
4D1676EE6D553771CB4A661685806E6FFA0EDEC104472C80718EA2AC997F8060	10382	scripts/PW7404-1052-verify-resident-tasks-wall-contract.mjs
BF6370B0353B34639C782D80D81DC228816A0F96A3BC431E014ABE705F1993B5	21957	scripts/PW7404-1053-verify-resident-tasks-database.mjs
07961804B4061BDCB6DF4B5F6B064FB953F049C27F7EAE96B89CB64742C4B7B3	19093	scripts/PW7404-1054-verify-resident-tasks-wall-http.mjs
586001A9EB417B4B12F7606029D5E92287959AC37CCD2E38977F9620A2D84EFF	12225	scripts/PW7404-1055-provision-database-roles.mjs
3A8756C4E9EEF1303330A5D58BFC487498F0D879CCD49106C81124C68B764207	2294	scripts/PW7404-1056-spacebot-shared-rate-limiter-release-paths-20260712.txt
5B1023C562B991B609ACD9895D6BD52D86A46ABD2D3E447C0C274941E4450F62	6800	scripts/PW7404-1056-verify-shared-rate-limiter.mjs
822CA8E5B3BEA95BB65200A8898B41EA4669BC608EDCD5CBC207B7F1BB8E4A66	5023	scripts/PW7404-1057-verify-shared-rate-limiter-http.mjs
7DEBD76D6E5936513140AF3ABF280D3119AFB66DECBAB4F80F1DD06C27108BE9	28775	scripts/PW7404-1058-apply-canonical-lab-residents.mjs
30AC87A8B9CB6EF4FD99353ADDAACF7B889FADA025B093B37AF511F5D9D5262A	6056	scripts/PW7404-1059-verify-canonical-lab-contract.mjs
1A99D0EEC8604D82514F05067253727E6335F4AA58D5FDE4720F236BDDE77246	7843	scripts/PW7404-1060-verify-canonical-lab-database.mjs
7D3F456957A4E92FC7D470B50DC46E435FAC260532A372FCC20E0E33DBB9F185	9843	scripts/PW7404-1061-verify-canonical-lab-http.mjs
41797730905DD4A2FC7385C2DF08579310D88CAA1FC94352DCD53B376E2B5DDD	816	scripts/PW7404-1062-spacebot-canonical-lab-release-paths-20260712.txt
C807BA49E5D2F4F042A67217B23958B87077BB6EA25112B47B36D5AB16F116B3	3671	scripts/PW7404-1070-verify-avatar-agentscope-containment.mjs
64130C04DF8858A609B328925DEC08D8A5AB5A77200D5475707BA379E5683BC3	611	scripts/PW7404-1071-spacebot-trust-containment-release-paths-20260712.txt
1A4192C1394BA20FEC61B38F15FBEC0361AA6FB76E589B9C79BD7DAFD3171773	3197	scripts/PW7404-1072-verify-trust-containment-http.mjs
A4D02B2AC1EBE6D679EAB9DDAF65DAEE620866BDA4D8CC9EA196E4444B93C048	8686	scripts/api-health-check.ts
1A7962807303E9AB548CD74D135CCBB1EB3836639497AB2ED01BC18FF9D6AD59	10533	scripts/experience-loop-nightly.ts
89B75750629FC20D7117B06A307643C0F6CF0F714CB6C7D183205B7DCE511E41	2356	scripts/grand-finale-restart.sh
E0D6A83757F23580D1EB5693CBA6F94CA64A0ED358B609DAE8293D603C90916A	2653	scripts/migrate-add-clerk-fields.ts
99C14DBA953EE8F480601FD718FED67810A4474A92AD2FC65BB19EA746262E6C	24300	scripts/qwen-tool-service.py
114743E5DCD7AD426DEB9C80BD3EA66A353744B7DD4DEE2ECDFFFE2BCB996615	213	scripts/run-experience-nightly.sh
763B902D887F6628D6DB681F2174A685A8E26A3F4A3EEDC6EFF837A745909FA1	13712	scripts/scout-harvester.ts
FCA53501D3E3279801FFA17A669EBEC01F25C658E6A8A74FCE8ECFC92911D13D	1602	scripts/seed-hermes-capabilities.ts
1F944CF3167DF2BCDB910714EBB26E29FC0E5C680BA0419CE8C13C1884187E27	471	scripts/start-tool-service.sh
63AD2AB6CB0B485CAA27F4FD7CA20BB973A0E7A4A85D1EE169F50F0942F0BBF6	2226	scripts/wipe-humans.ts
92CD5C771CB778277D62D7F8EB4311BD51FDE7CB55F47C7E2BA7E2390D0BBFE0	917	src/app/(spacebot)/agents/[name]/not-found.tsx
88B3AF83B86E11340AE9EAF05DEB01281B16AC78F7F9E15AE0E663149C43B5F6	14355	src/app/(spacebot)/agents/[name]/page.tsx
BD53C06D8B93579DE0BA8E40857087B38830D30D56EF60B9DC1C8AE58BB3A574	1651	src/app/(spacebot)/aispace/error.tsx
0E76FFA49F0D4015F09D34BBBF6DC701146EFF8FE7EC07DFF042A254EF3B2ABF	2154	src/app/(spacebot)/aispace/layout.tsx
6484577F313B1A56677BA92DB4810D219A65B6B556D14D1B8C6714A6E7A73022	804	src/app/(spacebot)/aispace/loading.tsx
ACF63852B9B989AAC7A19B6FFF8AD424FE3CFAF6B89F80AEE9FAAACA24925BA2	5087	src/app/(spacebot)/aispace/page.tsx
C72563FAA9DFB578E173C7FA7A54B9BB086BDEE7B9A687C1AFA5F93CE56EBC0F	155	src/app/(spacebot)/avatar-render/layout.tsx
AF2B927AA774A80B31DD02B387AA18D0B2D8A7C93E3A5FFB242157F6DF5E5B57	1417	src/app/(spacebot)/avatar-render/page.tsx
82A684DD165686FDA4CC64D2DD859C7D33413B6F03968D453B24B7BC5CD942B1	1649	src/app/(spacebot)/botspace/[name]/error.tsx
2850CB56A41DCAD35A9E2DE4F074701D619632AC85F1A7EED01EFF31D0C38144	6172	src/app/(spacebot)/botspace/[name]/page.tsx
75BD66BAFCA2CC1CF7BE1E7FB71F44801F8E26C9F19DE82F1C0770B7541A5440	691	src/app/(spacebot)/botspace/loading.tsx
D3798F67384021D8991E089CB1B001C0D2F5538A282CC323A3DD5B56BA0CD2FB	3073	src/app/(spacebot)/botspace/page.tsx
959F62099CAD89ACDA08EB4E1479769821058B6C5B7333F0442DE3AC225EBFC8	982	src/app/(spacebot)/claim/[claimCode]/page.tsx
C510F90784D75E6530D92EEFC92BEAF340B4C73935D89E241C5D63D076AC058B	935	src/app/(spacebot)/content/[id]/not-found.tsx
31A93BD550538DB3BE818C98D18D120E95153609E0CF55E52B70C41A88607E91	9298	src/app/(spacebot)/content/[id]/page.tsx
1202E28CCD8F0A677B480849FC6F66938264C71A429BD7D6565A6F925E9993F1	1651	src/app/(spacebot)/error.tsx
4FA5181A00FB2A15354078A7A6A174BA4D1F92729D5C1981124E963BE10FE4B9	1655	src/app/(spacebot)/expertspace/[name]/error.tsx
9AE2002ABCD5913A2E1DDB8AED5DDED396D0275D88F2A0DB7E3205FE67948E6B	47078	src/app/(spacebot)/expertspace/[name]/page.tsx
C2EC7B18BDC104BDB45B0D455A1BE2ABCA7BA2B6182319DC6811F490203B81C5	697	src/app/(spacebot)/expertspace/loading.tsx
D1BABF8594ABFBD62078DCF0B9697C74761DCC745514C3B545ACB824F5262B5E	20228	src/app/(spacebot)/expertspace/page.tsx
C8CA440438B6D20D48F9E0C93E4FE5B52397F047FFB40F66911BFDC16DE229AD	19977	src/app/(spacebot)/factions/[faction]/page.tsx
D698CF571EC3FB3C94A6C548443D0D86CE2321927B720A9909B9FBF51742CE57	5531	src/app/(spacebot)/factions/page.tsx
CDCA06A1DA68ED500E67D7B01203AAC39D2C2E8ED6ED893651D01AD3A2C72829	114	src/app/(spacebot)/feed/page.tsx
67393583E31C7F252D492CFA3A8F44B60C51137DD2042E0B4A81B939B29E744D	137	src/app/(spacebot)/feedspace/page.tsx
88651CA9CB3758CDA6C23758600446E00FAEC4C57F38706B13B980D5A653DDD4	13721	src/app/(spacebot)/heartbeat/page.tsx
D1A5DB827A6A56AEB67E3973DC4A90DC0215DAC8F913EBB6033B4B00D2ADDE83	3184	src/app/(spacebot)/humans/dashboard/page.tsx
DBD7BAAEDB2CA9C3D84748E11670B7CD1116CC58A48A61C23BF97C64339165CC	2195	src/app/(spacebot)/humans/layout.tsx
6BE3B90B22D7078AFD8267C685CF1A8F746D464C2E2710007B14475874F1376D	11797	src/app/(spacebot)/humans/login/page.tsx
D7674C4DD276401D1D1C3BAB76AD94E0FB02F63F9CA7847746AB4563D29CB96F	1279	src/app/(spacebot)/humans/page.tsx
915C3B974305AD7EC6493FF0277F2318415B5F3DE32455204CE346286109DD2C	24738	src/app/(spacebot)/humans/register/page.tsx
2E4DDCCB525D8FF74A6D136C677A4DC650C3374D12DAE65D4F45A70C62BA4387	1313	src/app/(spacebot)/lab/chat/[botSlug]/page.tsx
3A4EE02C1474E975420F2FADBE92C2C4B6D29E47880D18E53E5682624C238B34	1641	src/app/(spacebot)/lab/error.tsx
6F39F9E5D565B9AB5CC8336CFC8871E81C197EC82CB40AB3744C8F21D0E9398B	680	src/app/(spacebot)/lab/loading.tsx
81E509A6419469FEA91063AECE150D21C89625E935ED34A869271B4D40B815C2	6879	src/app/(spacebot)/lab/page.tsx
BC6C64A20D3A28DD14FEE8F58E32CDA75BA23F522D143988D75C9E1E33844002	856	src/app/(spacebot)/layout.tsx
88DB360607F9482740C92DB78AC20724F613F8829DDDC9628577B46DCFD7256A	10953	src/app/(spacebot)/live/page.tsx
708111D9E590412BEA02DA5DDC884FBBEFE7BE66285C619E1DAA2B985308E279	676	src/app/(spacebot)/loading.tsx
FB3B2B0371DF1F5EC71A8CB51A1D9A0E3E1484DFBAFA5E4CF7B5B1FCB79AD044	670	src/app/(spacebot)/login/page.tsx
F6328B40FC39C490690F877B0E9DDAF23C4387C04B57EDFA606F51EF5EE2D61B	4628	src/app/(spacebot)/memory/[botName]/page.tsx
53A7F683805F44DE0B4E5E832B3689F02742644BD14102AE6A40BB52ACA396FE	15543	src/app/(spacebot)/newsspace/[id]/page.tsx
40554801A8C0B5EB54A7A8034E4DB9B4D646A21340DD98FD4DB0F70A150C2152	1821	src/app/(spacebot)/newsspace/page.tsx
B9ABC828D6BF1F160A17C03964CC201B6BB4B5501792C43A85C9B18A41AB1EC7	56746	src/app/(spacebot)/peoplespace/[username]/page.tsx
60839A4053F41CC907B68844191C6449588C02C10F38DF5DC1C34871EBBD0104	77818	src/app/(spacebot)/peoplespace/build-avatar/page.tsx
856BB6375E2DA7F4E3AC8349CAF76B43197B24ECF28701CCEC0A90D2DE6E0827	15158	src/app/(spacebot)/peoplespace/build-avatar/preview/page.tsx
C4F67763B6A38F145AD2FFAF9FFA505F0BB6BAC83AEE4210073DDF95383B98E1	697	src/app/(spacebot)/peoplespace/loading.tsx
23C5BB31C57A978B70C52C758BD5685DAE6DB19AB8D3CCEF447C825B815C65AB	13915	src/app/(spacebot)/peoplespace/page.tsx
0887A5B3AE1FD396302C230A2C5296D564B43ACCC0B4BF16571DA7E2F420DE53	41174	src/app/(spacebot)/peoplespace/profile/[name]/page.tsx
D375DFB470B1868B0F575A647775E6D27916CFF87BEF9910E8A6409BD9304906	36292	src/app/(spacebot)/planetspace/page.tsx
B514FE2A9928BA971E030E79E3D276FAFDCF435D7FE422F2B007A5A9A4970E4D	9173	src/app/(spacebot)/pricing/page.tsx
719F1CBFB21A0DDA16EB4F4747860A63C2CAD6ED614B544A89C87F17F147D919	699	src/app/(spacebot)/register/page.tsx
854C2005AE6D22511067BD79647281E1D0868DDE3E1491C682B091BEB42B7BAB	243	src/app/(spacebot)/sanctuary/layout.tsx
8EFCEC21A1439F51F401CAD0ADE4128E764D2C55B06B79D48FCAA1FDE3791FD1	35484	src/app/(spacebot)/sanctuary/page.tsx
9F66488F583271AADB6C075E39DB4BB7FCFDCBBF7D97F47D2899906D97D06082	324	src/app/(spacebot)/sign-in/[[...sign-in]]/page.tsx
7BC9A1FC07B08393F2035CD3D7FFA722DE5BD31E56EEC1C7B4A1534F656C0B1C	324	src/app/(spacebot)/sign-up/[[...sign-up]]/page.tsx
8BE160826853C9F3F06D03CB92A0A15844E6BC0BDDD7B5780113F5F22CFCE674	20720	src/app/(spacebot)/terminal/page.tsx
7EC5E70F919EB88E3C812B5189B50725663236C44133AC3C70C3459C4B54B887	4053	src/app/(spacebot)/welcome/page.tsx
31B10BED0720327939F0D1169642BD4CC45A3B7E52611699D1E475DBC1EB6239	514	src/app/(unprotected)/layout.tsx
5EC159F6A8BF02DE31D28D78A090B039DD0743CF2739CB009A06E4C985031187	2453	src/app/(unprotected)/page.tsx
4977B7ADBF8EBFB0C90C972F8E0D199E39158B771F9495C28293CA5157601641	110	src/app/(unprotected)/privacy-policy/page.tsx
0C4E074E94D84D99480B4086B9A17C8C6312D0425E6D05AF8FBCA64EC0391769	101	src/app/(unprotected)/terms/page.tsx
236287EC6FE3B3F597BC20A014A0F302D4C8063571F9242333C8EBE8493F878A	6435	src/app/(unprotected)/test-bot/page.tsx
BC0B7D12AF550AEB0C1819DF71AE9251B252EEF5658CEBC1CC8A227013F8D612	3057	src/app/api/chat/history/route.ts
CCAD1A3BA8FF3CCD2C3F27082BD6CBFB0FF392BA5F5D878227D4B2B941BE1D62	7070	src/app/api/chat/route.ts
FFB31C754631C0CB443683A8B8A557C651995C988E11A93117A885B382CA51CF	44009	src/app/api/chat/stream/route.ts
AF1EBD1E36AE0A43EE5C253A5C1468B950AB0A6AA59BFED52AF668D54243EB8D	1081	src/app/api/health/route.ts
BFB70984F1192D230382A8EC922F5FE2304CDD057989F9033640E0ECAA459724	2471	src/app/api/hermes/approvals/[id]/approve/route.ts
330B7602D1B0A044D984FD8C6BBBF7B118631AC5DCF9395EA62FB5DF3FFDC57F	3072	src/app/api/hermes/bots/[name]/activate/route.ts
5061803AE75EAC81D1C8961CA9287AD526BD699D298097DBAA1158C75063A05C	2494	src/app/api/hermes/context/site-state/route.ts
82938C405B3D60BF391B74BF23D5E25E653A36D7ACBD9C6AA0E8442C87499221	2783	src/app/api/hermes/drafts/blog/route.ts
2FBB2C9C127DBBB39527CD802CFED9647A8F0740F0D37BAB536D5D24498D2D25	3358	src/app/api/hermes/drafts/bot-post/route.ts
9E91F23B11BC515133E0E019F6604703BFC51A6E02F255EFE209B908539CF33B	1469	src/app/api/hermes/status/route.ts
1242065D0A6C9F6E4125A3D3DB7B54B9045DE9AFF528D82DA0D5171027AC92C4	2004	src/app/api/hermes/tasks/[id]/route.ts
A037A0BCE687B2E17246CE2D4FE257F2777387AD97910C47CFCF04CAC0FAE24B	2888	src/app/api/hermes/tasks/route.ts
6E939C6CECE1B303D641A246001B9B38585968A32E1625691A2C63785F70316B	3734	src/app/api/internal/lucy/v1/cycles/route.ts
17603BB84B1297DCB6291C1D10B97B26A9DA50EF5EF2B6F3B54CBDAA564FB75A	3425	src/app/api/life/route.ts
6B3176314D0B9CAAF65A1F0F82753CAB48926599142C69C0E983EB091A941E59	3034	src/app/api/memory/[botName]/route.ts
2B8CAC4C1A11C7E6D2B10FC712958A27A73104BF246601000A6F0072BF135B6C	1644	src/app/api/metrics/route.ts
D8C5176B6BB86A088A6E44BE05C8E6C3EBFE306C61E309BAABE1FBC08F6C36FA	2792	src/app/api/social/comments/[id]/route.ts
8E7D363D567872F1C69A2C2840B6F8A5B24AEF0CAA83EABD69C43C87EADB2315	3005	src/app/api/social/comments/[id]/upvote/route.ts
4CF1A0803857B69FA529D09505E70D077AEA1D4AA1476C6537822F0A8288B7EB	3444	src/app/api/social/feed/route.ts
614AE8D0F69B84A8000E58995656322E6A0035895DE69696A452016998B12D8D	2028	src/app/api/social/follow/[name]/followers/route.ts
9058F4E6C34659282F1AC5A0379B5919D07873278720640E655BEA1250AA9330	2028	src/app/api/social/follow/[name]/following/route.ts
09FCE3E427E9A24C0B4A3DCE26B34EDBA09B6F9E380CDC6AC6CA5F1224220998	5157	src/app/api/social/follow/[name]/route.ts
7D2858EAA8879E6F2C170E4A0D591DCAC54752F1FF96B90780BCB11098B485B9	2113	src/app/api/social/home/route.ts
9629193F4CF4345459E45D416BADE77AD8E592726092A4197A74718170E6995E	5089	src/app/api/social/posts/[id]/comments/route.ts
9D93D5F4C3DAC71EFD6E2094548B74976E7319E308C5FDE39989974904133792	2786	src/app/api/social/posts/[id]/route.ts
90DC4614FA3F31ADD29519F39854F7609A029DC730C0BF73E7C2273659C22BBA	2999	src/app/api/social/posts/[id]/upvote/route.ts
2201A61982FD735C0C6A5F18B2700204DCE6EE9FD5B523C9201B5821D684AA99	5982	src/app/api/social/posts/route.ts
202782E824FACDF438AD6E36B788FAC739E1403C73712911F5843D8F188757E1	843	src/app/api/social/setup/auto-follow/route.ts
AD6F7FF32A8635C72DD03C3C03D60A2EEB886A63813F054C08B2015F3FD0477E	4732	src/app/api/test-bot/route.ts
6B230A4C372763F14FF0C53E9D8B8D862B209C6D9D6371E7A56FB60D83A53E32	2901	src/app/api/v1/agents/claim-code/route.ts
ADE7C6C458CE0570EFC2021ABC15D4EB63283B8F4F006062FA9CEFCDDBB09C7D	6576	src/app/api/v1/agents/me/route.ts
6069892D753444B430567099C8F888DD70334237E2AB5CADA7DD6FE19F1DE2E8	4867	src/app/api/v1/agents/profile/route.ts
92C6CC6D6F8D04BC37D23E701DE27D5AB8F14D755AAADFE647EA4BCA1E1FE342	7316	src/app/api/v1/agents/register/route.ts
B0A0BE2A7325FAFB2EB9968065EE72A6D7B0248CFC7DC3051B894F6D1145F969	395	src/app/api/v1/avatar/delete-from-gallery/route.ts
B46B5CCEEDDBB0763E9C42A17E040ADC096A16CA770138AEAA6D43A4A67DDB3D	1565	src/app/api/v1/avatar/gallery/route.ts
B0A0BE2A7325FAFB2EB9968065EE72A6D7B0248CFC7DC3051B894F6D1145F969	395	src/app/api/v1/avatar/generate/route.ts
23C8FA372EF8633747F43FB15373122D4E2CF5608EA7501DE0FC7325F99D46AD	303	src/app/api/v1/avatar/legacy-mutation-retired.ts
B0A0BE2A7325FAFB2EB9968065EE72A6D7B0248CFC7DC3051B894F6D1145F969	395	src/app/api/v1/avatar/save-to-gallery/route.ts
B0A0BE2A7325FAFB2EB9968065EE72A6D7B0248CFC7DC3051B894F6D1145F969	395	src/app/api/v1/avatar/set-from-gallery/route.ts
3F9CF778D169E17500B6AEF75FD6A8C50385BB90A63083A80D5149FBE76321D7	2005	src/app/api/v1/avatar/utils.ts
C61299AC5A2A6E70C409F20FB4C7642575CE57F8F6926A818FB9DA081D6EC235	201	src/app/api/v1/bot-activity/[botName]/route.ts
C61299AC5A2A6E70C409F20FB4C7642575CE57F8F6926A818FB9DA081D6EC235	201	src/app/api/v1/bot-chatter/[name]/route.ts
C61299AC5A2A6E70C409F20FB4C7642575CE57F8F6926A818FB9DA081D6EC235	201	src/app/api/v1/bot-conversations/[botName]/[partner]/route.ts
C61299AC5A2A6E70C409F20FB4C7642575CE57F8F6926A818FB9DA081D6EC235	201	src/app/api/v1/bot-conversations/[botName]/route.ts
C6A414B76C61497A8401FF8C3F99FE61216DAFF86B4B7BF239B68612332D5226	1666	src/app/api/v1/bot-creations/[botName]/route.ts
D3CEF8DE16EF4C3CDC23AEF815BC12F3B59BF072637976390C9B781905E68C54	4452	src/app/api/v1/botspace/[name]/wall/[transmissionId]/route.ts
CF7AC1519B22DEF0582373035E9C67780C5E85757B45CA4460EDEA02917174D2	7487	src/app/api/v1/botspace/[name]/wall/route.ts
3EFF62A6F1FBBF00EAE30DA3876645DF50DD754B968B993DBE5E07AFAB77BBB1	2751	src/app/api/v1/buddy/bio/route.ts
274A44E09A13C74B8F7BF040F1B1CDBF69A14CDB2C56D7B6E95F69FFB16002A6	4714	src/app/api/v1/buddy/blog/route.ts
E869EF8F6317345D0814808BFD1B7246CB3B5F0F00EEF6712DB9A86E36A7D90F	4479	src/app/api/v1/buddy/comment/route.ts
42E776E09FC4E22248BE17BB3C048AF7792418091AC370ACBCEB204798610333	2671	src/app/api/v1/buddy/feed/route.ts
45DB31CD7374B27080E16F93843BD13BE3B51F9FBE936621D3C84A23965C9007	3234	src/app/api/v1/buddy/interests/route.ts
66B3D49D0F1BB23099947B6BFEBFAA812A53982227A94BCEB6CA988E7192B1CF	3803	src/app/api/v1/buddy/profile/route.ts
F0FE25701A1E82899527D72550F2B57770E262241D9913A0DF643EB86D4A9ECD	4824	src/app/api/v1/buddy/theme/route.ts
880C4FF5C1B42422310A8EC0A5A92F27335A4690535B7413C49907D19881FA77	2214	src/app/api/v1/buddy/transmission/route.ts
320B59F0DB192E1875B2A186E0F41FA1AAAFD1947C2A9B052ADB77C3DFAB6475	3048	src/app/api/v1/buddy/wall/route.ts
A2EC1F4E718D9221E7674B5867E5F9FA571F29CCE15FB6D81363B1E414B0A2AC	27922	src/app/api/v1/chat/route.ts
D12FB2E389DA1140867EEB85C059B34135A4D7C9AFA3C18EB1483139BB358C85	6013	src/app/api/v1/comments/[id]/route.ts
064CA8F2CB7CC64A1E1C81DE718E2DFCB1899CCD21132D2E7838FA79ADC7DF71	5343	src/app/api/v1/comments/[id]/vote/route.ts
30A1078E10ED96807171AE88366AFB0C0DA461C6C363E4CF2B7872B3BF9256F7	4220	src/app/api/v1/feed/[id]/route.ts
C427918821E250A47F3523EB119F2318ADFF35ED8E6425FB94DB634DC7828BA2	3290	src/app/api/v1/feed/factions/route.ts
DE795CC5DAA671AF99BF518512E7FDFAA15ACBFA03F315F7ED4A72C66E175354	436	src/app/api/v1/feed/journal/route.ts
F8EB8E2682823E0ABB5793447C41283B1C73A5161D99A50604B44EC3CC24D9B3	453	src/app/api/v1/feed/live-chat/route.ts
7739EB118683246D6E453634FACCCF5D555CCF065C16D7ABFFFD599D85072E4F	1382	src/app/api/v1/feed/realtime/route.ts
6ECC9F2052FA9EAA3F4F00728E2B403F232E029F398CE3A768C7BDA5A90B14B4	2713	src/app/api/v1/feed/social/route.ts
DC8006E3F5B2B0CBF0C0810E9054067D062767044F40EA3C4378C092C1407C20	5601	src/app/api/v1/feed/system/route.ts
F72C546153ADBBD9702C1FD320F361A1832545AA84A7DCC609C6EB342B9E2CA4	1708	src/app/api/v1/feed/wall/route.ts
6DB465D410A326F96668ED00F12108FE66962CB1A533841F85569AF59290453D	5351	src/app/api/v1/heartbeat/route.ts
582A0593845EF88EA20176A0FC830DC310F9CCDA8A7031C41C0EB2C6C92629B2	12354	src/app/api/v1/humans/[username]/top8/route.ts
F89A243EAA911481B5DA4217A87A8CD20A34F858AB23EED4E892522489F0683C	2410	src/app/api/v1/humans/[username]/view/route.ts
288805BF6541F103F5D873199CDA9E96A8168999743E12E724EBE902AB9F3606	6858	src/app/api/v1/humans/[username]/wall/[transmissionId]/route.ts
6707120D8AB5EBBD2FCC32EB9C6BA9FDF95D89392D912215026575F98165780A	10492	src/app/api/v1/humans/[username]/wall/route.ts
C79C0514794D26468F3C3720DC6D166EB96C1943647A6160E6D26663147C43DE	7217	src/app/api/v1/humans/agents/route.ts
A66BAFEF09934DE989A17F189C06F9556D0A77810CA679CE7ED36B6826F6DD35	3746	src/app/api/v1/humans/avatar/route.ts
C71068F5B593C348E4B54146D38CAAE0C96EA5A699957BE1CB28BAEBEAC6DBA0	1198	src/app/api/v1/humans/block/[blockedId]/route.ts
4E4FC08AB46E8ADF62C6FBD97EDF5892BE346921CAC41D0C7549E7607FDC8CBC	2088	src/app/api/v1/humans/block/route.ts
1AD400E0055DAF28A5EF40DB426B7879BD8A27F6C1B77726C817A3817C8CA253	17159	src/app/api/v1/humans/claim/route.ts
0DD9240AA0F4D9BC6A0DE5CCD784F5B19A97AB765276591771639AD82ED5374D	5194	src/app/api/v1/humans/cover-photo/route.ts
588BB50A67DBDD64CBC8CF9599936ECAF05B2D15173E4F8AC1C1D7C60EF69F7E	4224	src/app/api/v1/humans/directory/route.ts
89B05A49CA4232004A68194AE87893CFA4E0B7062360F918EA8F812886A65226	850	src/app/api/v1/humans/login/route.ts
F8BE4B82CFB2C7973383580608B6A234B3C79700E1DB8ADFEDC850C3790C5F43	6696	src/app/api/v1/humans/logout/route.ts
BA87D4D707E3181E042B842415D45C2DB488D3FB0F33B96A7307EABE095D3AE1	2521	src/app/api/v1/humans/me-clerk/route.ts
4E83A500AB401F348F6D34A627943BA471F91B2D8532CAA2D76CC2384CD93D31	4436	src/app/api/v1/humans/me/route.ts
1FF4E04ADE68FF43DEBFE9C5533FAEE205CEEF13B2C05850F2D6B951E2F35ABE	4465	src/app/api/v1/humans/planet/route.ts
83762916FC9BD8EE5C2191E6A367BEA5ED7780B56026B9C075C060BC7445929D	8429	src/app/api/v1/humans/profile/[name]/route.ts
95CF70A1D8AF8EE5ED6C013DBB9BD439188ACB5BC14745930402A1A2DA942C8F	4891	src/app/api/v1/humans/profile/route.ts
26CF2C94680C0D1F7DAFE653D6F88BEB3C2DD026FCC2DB369EDD455D1FCAD794	486	src/app/api/v1/humans/refresh/route.ts
5DF55EAE0D738450F17A9C51E75C20E4103D7627E7B5C696DC2E6ED5418C322D	872	src/app/api/v1/humans/register/route.ts
1C14892C4330B0EA702C1ACBB143B403BDD648DDB17C81B6FC8305FE48F88A66	3370	src/app/api/v1/humans/resend-verification/route.ts
CD566393E9B7D8AB496DFB55D4292F48A3803A38418D04367277B6CA44E0FAEC	487	src/app/api/v1/humans/simple-login/route.ts
48B4ABEAD43F0EFF813E5CFB316E95F8B04791BF852123A585E395FD75C6D04B	1183	src/app/api/v1/humans/sync-clerk/route.ts
4EA162973C023CECACFD7716C614F221976E2CA361B44ADAE8C44331D1787252	3501	src/app/api/v1/humans/theme/route.ts
4C0B2C9B1537E38DC812B7C184CA1F4CCD6850D0ACE4193D79B0EF4C509C9038	2399	src/app/api/v1/humans/verify-email/route.ts
DD5E024F124911D879F952DA442DABB3A93ABCCDAB24A6C54E2B059E85A9E762	3405	src/app/api/v1/humans/wallpaper/route.ts
8900CAEC6673809121E27D2BA908D2E0A5DB4EB10CF708581FAE98065AA7BBDC	6697	src/app/api/v1/lab/chat/route.ts
DAA4BA8DB8B99094CFD6127949C0C0AE964AA8191FD8CF84B0B78B93F4EE25DA	2792	src/app/api/v1/messages/[id]/route.ts
1AA0F9A40C42C18C6C649AB91551BB7EB303665CDED405716AAA7594D9137541	501	src/app/api/v1/messages/conversation/[agent]/route.ts
CCE5D257164EA0CFB94B5B76094CFF3DBCE2505B5E24469648C1C9D8FB916B21	2933	src/app/api/v1/messages/conversations/route.ts
C6F01B13648944B7E746EB5EB52A28D25EF9D83DE62A450B609D0B8AE8E00A22	415	src/app/api/v1/messages/inbox/route.ts
D5567E7DA2C9BC2E2D0FD0900FBFCE0B4431288117EF4CD0686E3E834309510D	5738	src/app/api/v1/messages/route.ts
1CFA57B970D2ECC2B24B473D998908487F28A4D0116F053C67538CC8BF8CBED3	17449	src/app/api/v1/openclaw/action/route.ts
0FF6929DF336D86BBED9DFEBE4425E0887E370F3C93302AA88964DFF6CA23E92	5579	src/app/api/v1/openclaw/context/route.ts
E791EC6221590A8947FDD9144D8691FFD1D6239434F4EA9AB07A61277B94E2BB	10032	src/app/api/v1/posts/[id]/comments/route.ts
C266E76A46A9C4E6763869E3AC395C88DE187D3EDA33793C8F4154BFBBA05771	5875	src/app/api/v1/posts/[id]/human-comments/route.ts
2B20B1CCD77DE473EEFF2FF68F0732A2F2CE8DB38E044B414487E2DD6C2FDE21	7428	src/app/api/v1/posts/[id]/route.ts
1FAA8242C0C38C8AA25FC70DCFF5281A71F3ED44AA25B437535C715BDAAF6793	7641	src/app/api/v1/posts/[id]/vote/route.ts
566025A44E90F8B87A4D7DFCF702008C51A6560FAA2C8B416C3C5B2ABCF86CA0	10008	src/app/api/v1/posts/route.ts
46AE7E624722A6974D05CB608101C58A118AC44B979F790E90208FCD97F5D9E4	3213	src/app/api/v1/public/activity/route.ts
72FC18452094641932E0D41E5466935F2386EE68DCF6EC68885F3AFC4330EEEF	6091	src/app/api/v1/public/agents/[name]/route.ts
B63D6F076684A73ED25D6ADFC5F9E2BEE27CF15CBE99502487BD68A0643BAE68	2571	src/app/api/v1/public/agents/route.ts
217988A7E96F3A80BFE61F184AD6BC7AE4E0807AAE115B7E70C98C925B4E7D8C	3666	src/app/api/v1/public/content/[id]/route.ts
ADFAA4DE9F2E77514462A1D9178E1AE2FC29689C3AB3E3E3FB93A17A69B7C8F9	3473	src/app/api/v1/public/content/feed/route.ts
95713DC58A4BD2766BA09E54B93C6A2D5FF83D509E4470DE389E351D0F6A2F03	2578	src/app/api/v1/public/content/search/route.ts
D085CE4D4F35E1EE7EB7FAAE5DFD0354F7E1D2CB8BE38DBB2D334DCDB69D26A5	4977	src/app/api/v1/relationships/[name]/route.ts
EAA2919026DFF154CC7C463CFD83B445C7A93E063F84F7B40B17D2CEE0B22882	3354	src/app/api/v1/relationships/route.ts
F6C1635DCB25333270B90F9E961383F485B722A3643AF684F75251EA225611B1	6085	src/app/api/v1/stripe/checkout/route.ts
E4E6272AC1D3F01070617672FFF8161F18C79FEB3AA0F63E64CFABE4BD0AA693	2371	src/app/api/v1/stripe/portal/route.ts
C354462924B5DE5A54FE42BA5BEEA39E6640379523A0159151AC707124FCF903	8927	src/app/api/v1/stripe/webhook/route.ts
E0EF085F534B88D971EB9ED98D0305EF52CD82F761EE296FFB9F384BF7B5356F	3762	src/app/api/v1/tasks/[id]/events/route.ts
8BC57D5C16CED362D52B485503DBB5AB977E2C8DF385377593CAB82BBE034875	5449	src/app/api/v1/tasks/[id]/route.ts
1BF17392D51D86CA3B87087FEA25408BE4D05B2EEF620F3AF83EFB08BAFDBF98	6002	src/app/api/v1/tasks/route.ts
1EA8E94F4F9D0ED7EA6CA4AD595FCDA2BFAEF0487B14706B47E408980D17F435	1631	src/app/api/v1/ticker/bot-activity/route.ts
3B63697BB3B36268EA46DE0101242D6DFBF2D7964958CE99DE87381DD0DC1E88	3855	src/app/api/v1/ticker/headlines/route.ts
14EC31A1CC4428827CCE8DA85CA83C8FC87D1D35A6C061689BCBB0E27110B42D	1803	src/app/api/v1/verify/challenge/route.ts
C0D8AAA4DE99AEBC59E36DD31807A44543CD91836047715A6979745E989D73E5	3052	src/app/api/v1/verify/solve/route.ts
9628C70B8EF15FB68CB123C524E81433AEBD9BFD16B702871369BAFB0BEE8F21	7447	src/app/api/v1/zeus/chat/route.ts
18091D58967D8A31F91C503011D0412CE225A19DA36FD27CB024B82911AC8ADF	1349	src/app/api/v1/zeus/history/route.ts
B53086492956FEDA104FD8B084E3DCA19D659E4F39291F02C4A1DC1F258D5082	4454	src/app/api/webhooks/clerk/route.ts
B2E980E5FD769ED97F395BECDA8F9A591AE9151B702AAEBF16AC645587BEE9FA	1643	src/app/error.tsx
0B37CE1533FDAC4B0D1A777D56724BA7D947DFF83278D53E4F7CE6DBF5D236B3	2139	src/app/global-error.tsx
A97EBF07978F90BAAFEA370C3A3405DC1F34A2E11D1800785388CEE54933610B	47696	src/app/globals.css
788A55A1F4CB885A7AEAD31B269B84946AB3CEFF46AD2D27E13D73649ADCB3C2	21669	src/app/icon.png
F355C37F11341B1D8D57BB7CA0AE6CA5D5E10517983FC7451BF567B31FF8F852	3632	src/app/layout.tsx
3FE02E59E51BCD00F3C69A85176B0851F13DC96D419124083B1326FAA401C9A7	672	src/app/loading.tsx
F79FD6D02D7D142C158FF4983E77D745B78D7F4830B0F3F14BE3EB74A5E5FFEF	1597	src/components/AlertDialog.tsx
8A1B36D41C40476F9F491191A364B8A075515FECC43C69FFEF2F99CFC5E16DCC	498	src/components/AllCaughtUp.tsx
56DDCD7992CFF920A82709E1AE118A511FF56EF679F379189FEC923C27AB78E0	4012	src/components/BotSpaceHeader.tsx
B6DB058CE8A997C57147DBECCCD864C1034726A559CAE3B9FB97110F8E2FE2AF	1384	src/components/CommentContent.tsx
0828AA2D70FB9766FB2FFB5DB9F43CCB53C7D2ACB25886E1DDD2FD2B886E5686	508	src/components/ConditionalChrome.tsx
5FE1E2449A116804CD97F6994BF8A39F0F98EAD5D3BE52028DBFCBB4AE0E5791	635	src/components/ConditionalNav.tsx
BE2B97A489753E32269DDEA7AC0A356103897D3C21269E018B069FFE379AEA3F	1695	src/components/CreatePostOptions.tsx
A104973914F21D62C77CBE0B5CD15C0504D05BC0090B1ACA7D68916A65A72093	959	src/components/DiscoverSearch.tsx
C5DD60A47D53321AEBC105C4BE773DB206A267C66E3CF136F14990E4775388CB	1332	src/components/GenericDialog.tsx
DE1493FC77AC89401EA1A84C6153242455A87F844293ED5860242D3E65F1A443	410	src/components/GenericLoading.tsx
C11EDBEA4FC5ADCEB854FD164A9D5145274C599F91088209AD9735AFC481A9AF	1639	src/components/HighlightedMentionsAndHashTags.tsx
86CC1E1E16FD8BA83952145AE411B21D9A9A48B4D8CDA775D4A8FF89E523D89E	1917	src/components/LinkifyText.tsx
F1E0310F2BF40EC42FE8B23BF282B3F69EED52516C9A67B065EB4A4F66144BBF	303	src/components/LogoText.tsx
964A171D16D35977B72AD55D3709FB618E0F32F688D94FFF0D722E9A508075EF	7675	src/components/MiniTerminal.tsx
C41EB37EFECFFFF7F8750BE7189FC1C16FA4A3B267B83063FEC82AC6FF8CDB63	1125	src/components/Modal.tsx
18AA59184995E673FED7A0EA79C9BD0F1825421CE3B8A2D6D0C2A9ED0F290FCC	217	src/components/Navbar.tsx
809DDF19F1C191C93C1EFEC905A6BE07E95F22072BCC499A992B56F0AC8D0AD2	715	src/components/PageHeader.tsx
B2200F50016BC32516484B599B2C21EEC333AD4A3E31AB076D25B8C50C9319B9	1008	src/components/ProfileBlock.tsx
9E930B9A5D0E1F5F159B2F923FC183B6FE3DF7BDAA411C75D1A17F1EB056C0AD	806	src/components/Providers.tsx
2D54483E5AB5EE7403347BE3F62E7641010BF82BA1A18FF79FE4220B02677986	12307	src/components/Sidebar.tsx
5F745E2862633B9166F754C49E469B95D7B20680F9A29720570AD9DA8161013A	794	src/components/SiteLogo.tsx
A453C8A80B4754E0BCE90D3D9353F7E2D1E433D235118D208EF04DE0799DBB45	533	src/components/SometingWentWrong.tsx
E6FA606CBC0CB6BA5B0D28BF0DE9488E2CBADBF10CF4C2450B1F91DD7DA4F7BB	614	src/components/TabButton.tsx
3F3D846596FD758E9EDBD5F6C92671436018F5041A816FEB656569ED49AD5200	10398	src/components/avatar/AvatarGenerator.tsx
476172CCC2B85B677C766965A22EBC84C61F335B8F66B4DCDA0165B35CA1E791	715	src/components/avatar/AvatarInlineDisplay.tsx
8BB951B9F03F7B560A299A03863861A10C9F0B316AA8296FC3D7FCBB3D1972EA	2823	src/components/avatar/AvatarPopup.tsx
FCD82CAECB7AE18158467E6D58ADC0AA82BE23717C2BB11EACAB5C20013EF29A	45923	src/components/avatar/avatarBotAccessories.ts
F295E3A52D1581AC1FA53074108F49765E00F2FE977B1D119F6921763AC2B0B0	13131	src/components/avatar/avatarConfig.ts
F354B8BA264EA808164A29AFA2DC157FD738736CAE76998388FFB9F3029580E1	49360	src/components/avatar/avatarHumanAccessories.ts
DCE85D2E8B57D5B842A4947D57EEB73EC97F049C32704D367336AFAAA1DD8096	20327	src/components/avatar/avatarHumanOverlay.ts
A810269D8859F383310B894C39EBA2DA16C6A5D695AD81F019B80EDD3E8E67C8	136798	src/components/avatar/avatarRenderer.ts
C27F24993BD8044ADF31E3C3E4F2B0C5D4310FF6CC476D5D2EC251EFE0866E8C	30592	src/components/avatar/avatarSchematicOverlay.ts
0C0471B7617F5DB01759117BB755F5D30A595B2A4CC4D2833DDC4D7F2AA24DC5	74823	src/components/avatar/avatarSchematicOverlays.ts
3BB3757C5B4005E22806A6B56292615FBC55183F8F2C611207C1793D5672C6B4	6046	src/components/avatar/avatarSeeder.ts
42FCB7E24A5AE97CC395D2FEB2FA5BBD6849F9840E94ED40B77EAC972C32E0B5	39074	src/components/avatar/avatarSharedAccessories.ts
85EA1B1E60B973502EEB2E4DBA5F2DEE949133C36A703DAF8353D8041510A2B4	2154	src/components/avatar/avatarUtils.ts
43D9F2531579BCF3B77635D96D62CEF5AFEFD67EE3070CDED569AC4B3018B271	18419	src/components/botspace/BotProfileClient.tsx
EACAC19A03B354E9D6A55470945D81E2C74EB617CAD4CCE02C0D7D0D203EE96F	12875	src/components/botspace/BotSpaceClient.tsx
0A8C01B9FEE7E1EABDEF60213C21943FC88E974D65665B7CE0EEF45052F97670	10582	src/components/chat/BotChat.tsx
DD8C3CA0DFD2F97155FF48E5A47B0B9E96BE6DE95029E47B9A956D6CD0821AE9	30384	src/components/chat/BotProfileChat.tsx
DB835AF8A5A93BC24F2A987CFADD99D76B378F19631D9029A6F4D15678D6431E	4776	src/components/chat/ChatMessage.tsx
0FDB65946421E41851C249A761754704D779A25BFD3C3BD2F9A1690BC8E8E739	4047	src/components/feed/BootSequence.tsx
003E1D662FD074D6EDE7F0A3522D8ED084BCFA4403C4FBB7D18D107A876BBB26	3520	src/components/feed/FeedTerminal.tsx
7BFE9439E23DA666BC34D6EAD7CF9B1A05A130233BB72C3986086DD48EF80738	7814	src/components/feed/HumanCommentSection.tsx
D22BE20C6253A8D03FEE6454FBF980DB71CCBAA8C575C700F0BB8A6A83014D9C	2997	src/components/feed/TerminalPost.tsx
67DD8CD1736FC407CB6847A4AECF11872FCAB97137745F93A76390C505A7577B	2605	src/components/feed/TerminalTyper.tsx
9EDA41F9BCB90BF1A982A46749E85016E142077A99CDE58C179AF91A93F5E9DF	3423	src/components/feed/TerminalWindow.tsx
C6945362B009EB88E99817D2F8294DFFE30277CFA7CCAB4D4D6E7E4F4E1F5310	1659	src/components/feed/terminalColors.ts
612EB3498FB9333088954209FC9B401183FC4D8BA0673C83C8594ACE3C2F86B5	7257	src/components/homepage/AgentStrip.tsx
16441BAB8A86166BA70F466C963EEFF3FCE8D1C2DB6239B7519DD06E07F24E3B	3952	src/components/homepage/AgentStripGrid.tsx
8445A5A0883542B8AC507F86AA9A8A07B6FF085DD57F30448D7E966280797E52	5859	src/components/homepage/ContentFeed.tsx
F39A48FF15153F2CD7D4B54258BE62DE0C8FDB89FB6B18B4CE81BC6A0B26DB06	3617	src/components/homepage/FeaturedContent.tsx
95CB0818D627B815EEC663B9E948E7116981A065D9F559EB43B0E67F932099CC	2034	src/components/homepage/Footer.tsx
80C8802AEB53B6D5F58B8C7468F6D66CA7DEE83646F039DA366D9154DA32C621	6787	src/components/homepage/HeroHeader.tsx
3A97D0DE7CC15AA0C1969DA6BDE0B1A48F2B9A80FEFB99AF2E1011280B25BC09	27840	src/components/homepage/HomepageBotChat.tsx
ED477BF37D15FE05BA0EC22E5EDCA9D42DA5C41AB110D3CD7E23FFF86777844A	1188	src/components/homepage/HomepageBotChatErrorBoundary.tsx
0EE7878B1B160F116A5B77272745C290B1BE6CE7EBF78A4AC4D30A3007884801	6018	src/components/homepage/LiveActivity.tsx
53CCD0087668B8DB132D92006B9747D9F99AA8BE400FADC88E690C4A9F03622B	8311	src/components/humans/ClaimAgentClient.tsx
064AAA1113B92C909E6B2343FD532C1D0590C54702C8148E6F0C46157835C22C	4916	src/components/humans/GuestRoute.tsx
B49861C365062626350339232EBEEAD6126D5FD70A9C03C483EF7C45C6A58A63	1440	src/components/humans/HumanFooter.tsx
C7AE639F1DAF686B31C7E1AB337F2F597102E41AAFCB9768B79F034FA6E208AF	7920	src/components/humans/HumanNav.tsx
218CBD99B493423123C4BFB1B849FFA9335BFBE7792EC11FD032074B22E812F5	6157	src/components/humans/MobileDrawer.tsx
5308F0070792D5CD6AF9654B49A6A4205EF617ABDB300859D1EB201CFDAF64F0	4758	src/components/humans/ProtectedRoute.tsx
DEBDF9CDC069A5FD3B896AD8CA091F8F1B6B11972CC11129432877AF3980FE89	2838	src/components/humans/SkeletonLoader.tsx
F2A2EFDF1E0C5959C91D5289B36E3060FAAA2B12B4622926560B5E34823DA1A3	7633	src/components/humans/dashboard/AIFamilySection.tsx
201F20976408E67C8224CD66FC77FAC41162E34BF4BA1FCB73127833A6A06031	5499	src/components/humans/dashboard/BotSpaceTimeline.tsx
3282BFB3EDFF7625EAD914170E979A2118B24C3381CCB05849D69E98ABA6A6FE	5971	src/components/humans/dashboard/CommunityPulse.tsx
B878B1911A296C8C9AA9AE0F2A314610954200ACF982ECA73BDD6345714DC406	13712	src/components/humans/dashboard/DashboardTopBar.tsx
8A57BFEA45AB25FC653833CDBD22A6597D45570DE3400D848B04A0C5ABA48B9B	5567	src/components/humans/dashboard/FeaturedAgent.tsx
079CC600E7599B70292FD45E6C93049AD3E6B37CB5CF9303727345272EB6EC60	7622	src/components/humans/dashboard/GettingStartedChecklist.tsx
9BEC93D180BADF5EB3C85FBB13183ED59D0453253A6D9AE90FB5C58984947726	5028	src/components/humans/dashboard/SanctuaryPeek.tsx
6EA7EC03FFE597752F32ADEA3C806353D8B72B9D80E2E6DC66284594E788304C	4889	src/components/humans/dashboard/WeeklyDigest.tsx
8F40F94950D7AF44F1506EED7B77B491ECF273A1AFE93736E8C89043E15E9B30	9233	src/components/humans/dashboard/WelcomeSection.tsx
4F79C4180A4FC6342742BD77CDA78E8061B13A1B247C5F513130D07499888DBB	660	src/components/humans/dashboard/index.ts
D28DD7AAB0E9742D7BA279C6F2EF0BF324A55C5F4818A424F9B85D2F02AD9E64	521	src/components/humans/index.ts
42D6BF7B10D06D4F8155D0DC001DC27D81F2E256797F52C211E330D404172613	1391	src/components/lab/LabBotHeader.tsx
0CB9FA0DD28747DCDB18645596B33D696D8A7C12ABE42105F473E65F65849994	1902	src/components/lab/LabChatInput.tsx
2B8127D16749DBF4BE8C6372BFD219BABA801636D041AD5A7F247211BFD06167	11184	src/components/lab/LabChatWindow.tsx
2A69AF51981D24DCD962E1436010C0037D66FA57C8A8587A1AD9E694DBAC731B	4877	src/components/lab/LabMessageList.tsx
28BDC8B1F7D52EEB3AEDC5364D42E0FCB211FC3D6C2663299F443DAE0C838893	1937	src/components/lab/LabTopicCard.tsx
F48557B388969350A13F24A31113040F5196B628CFBA7A0BD18C13EDBABF0594	477	src/components/lab/LabTopicGrid.tsx
81A0D46481A67AE4541FB735A2F954B33685DD436BA3B859F2BBB0A027C90C57	6011	src/components/live/ActivityFilter.tsx
AE61AC91C80EFD340B1ADCD3CC32D6F6538778174BE0351E638CE033B83AB3A1	4553	src/components/live/ArticleList.tsx
4A135B5EC251C1C49155909EEFD8D1E59B7EADD8265DB4EF154941D9334315A1	15636	src/components/live/ConversationViewer.tsx
8B8244771F717DED4B86EEE8A9214DA3C5E63ADDEAACC274625507DC63B15DF2	17732	src/components/live/LiveFeed.tsx
404C8AE3F1001205DF772AC69EC4B4671350AA0BAD5B42F616240DF867312D30	6607	src/components/live/NewsSidebar.tsx
82C670D8D6A7AEECD3691EC282BE8EDEA7688CF44A5A854E389E54CFF2B20121	11620	src/components/live/Newsroom.tsx
FB9B9FC685042C245785DA3960FF3DF0E8A4B77380FB807036081B38C2515525	9348	src/components/live/ReadingPane.tsx
EA123B6C2F50C54AD3F43215E072CEEEE4971193FFEC42D70B1FD9B7019BCD2D	4583	src/components/newsspace/NewsCard.tsx
46B5B026638E9D6CA7B2A6A1C2813C1528F135558DAA8587E76BA9A6F32EA409	2880	src/components/newsspace/NewsHeader.tsx
FB0EE9B8E86EC5BCFFA38EB47F233F835C7E24653A4A7F9C7103E588C2BEAE2F	3456	src/components/newsspace/NewsMosaic.tsx
A0DBA46DA6F14A6A0001C2DDDF7A219020A4AD5E6DC10F48B954384701D17338	37497	src/components/planet/PlanetGenerator.tsx
3FFE92CB6F844B4772CA3999CF7E218AA8AA56A45EFC5EC0AEDB379E724C002C	14129	src/components/planet/planetTypes.ts
10537439606754AC88BFBA4C63FBD9CBCC4A2222A4BB59D75A1C6D60AF701413	6267	src/components/profile/BotChatter.tsx
EE34599CDF57F6A31C7DD2A72BC8D078B55D0E6084CE5B2954AF2108CAAFD4A5	20993	src/components/profile/ProfileChat.tsx
EDD2A6B7E967A177A44F75B5AC58B669515C532671969C30CB440A3510E17426	15283	src/components/profile/ProfileEditor.tsx
D57C71B6A860BCF3337455160DBE98DE621F665F7281F0D3CF7B7CA84C4D95C2	1017	src/components/profile/ProfileStats.tsx
76EBD5A93F28FA32D2E267609EBE19523B42A6EE70F46B28858F249B1A726FF1	2916	src/components/profile/ProfileTop8.tsx
135138B3F0D181930360E7027294F9F482CC4A7E89AED48558F417EF1368967E	915	src/components/profile/ProfileTransmission.tsx
61C00CE489CB9085D62DB0771EA5E93F71DDB7CFEBBD4EBCCB108B12ED2CE26E	4209	src/components/profile/ProfileVibePlayer.tsx
72C788EC253AD2E6E3D180B8041DC4542E3DDF6446585CDA647CE6157DFAE7B6	1915	src/components/profile/ProfileVisitors.tsx
67F6C455848B7557C8463DB5AD174FC2F865BA3E0D69D152082AE4C98E39FAFF	3092	src/components/profile/ProfileWall.tsx
F75FD3157E00827DAD54D7A17C319FF05CD9281EF083E52C5EB533548D4A8A33	1152	src/components/profile/StatsBar.tsx
06EF815767CBE6DF77AF341B25B25383CEE337B02EE7B883FBBE10EF8F0E9F3B	669	src/components/profile/StatusLine.tsx
B85123B7AAB76E7065F26CDACAB7B2456336E35040EFE3DE820E2897EC22FDF1	17449	src/components/profile/Top8EditModal.tsx
3D8EEF2C8EF7DEEE95DB9B377815D2A647D46D1EEF63A6B36E95D5690CB4806A	9693	src/components/profile/Top8Grid.tsx
5BAFEA62787C784EE1CFC211A61481A868176009B903CAE1559B8EC7B504E468	17543	src/components/profile/TransmissionsWall.tsx
23C979F29E26E264A6705182F7E0888E4FF15AB2841781D7C5548C37BB188A28	7059	src/components/social/CommentThread.tsx
9497BFD94B46B79FCE14AE1D540B78221E75C36DEBC12F61FBA13B3EDC4ADC42	2273	src/components/social/UpvoteButton.tsx
8D9043CD5CD6232FBB5C3C83F0CC429D838E6D63F3FD0F4F6EF41F58512AA451	3953	src/components/ticker/BotActivityTicker.tsx
68DF77CC91C42EDE1B2F9C5559B0629BBBCF13FBE07B5B3C357ECCE8A92EA2F2	3449	src/components/ticker/HomepageTickerBar.tsx
EC0DFBF3FA2320F29C077B6366835358A8CD60F9F1D47AC1BFC5048FA0C8F778	1134	src/components/ticker/HomepageTickerClient.tsx
37B1301CD02E49469984B55CDCD51D8215E0C0D2DEE1FFD5165B7B4B283710C9	5434	src/components/ticker/NewsTicker.tsx
5AD89201B0000605E31C47BFCCE476C7A78FE640BCA33AF7FECABE6036E0D768	5138	src/components/ticker/TickerBar.tsx
48E890DB2D44B32379C7526916F7456F2C9CD5A1838778FD77DD0D4F4314B9C6	2051	src/components/ticker/TickerItem.tsx
96CC1363400FC276679B92544AF6085510979DAB9F9C9EE03D8603924C266124	1477	src/components/ticker/TickerPauseButton.tsx
47315ED397071D369551F0B59CACB3DEA99C7590EDA07B43DD5C145254C5D14A	920	src/components/ui/AgentBadge.tsx
35002E75711FC09E5C7FB423777E7455D1672BB24F74732C204C52688CE6341D	419	src/components/ui/Badge.tsx
F7373E666250864F87C104A9FA07E8071C03317930A5A0B1282710ACBE1D8037	1898	src/components/ui/Button.tsx
36A5652E75A750FBBE89A8A46E2797C38FE63304D10A91549DC39C397384FB94	670	src/components/ui/ButtonAnchor.tsx
DAAD797DDB81C9839A874F2DC345CCD04BD3935FEF98F004E50179BAA0B5DF18	629	src/components/ui/ButtonLink.tsx
C04CDB7A94890C7AD7344DF86678032ACDAD2BC67A2A0382AFEC912B8A26DB0D	986	src/components/ui/ButtonNaked.tsx
936B09F329BAD71CD9303C4B17ED0550F8ABAD987010B6F1FD0329A73D88AB77	1358	src/components/ui/Calendar.tsx
A61EBBD977E84250EE8503BC717365AFDF2E7EBD198EA553E314CF94D446C01F	3328	src/components/ui/CalendarCell.tsx
48D2FC70DA3E051E93EA5BF5FAE2095B0ED7289DC5A412290046CFF24FC760E7	1581	src/components/ui/CalendarGrid.tsx
096909FC0813256369B5656A06CDBB515B45EF35F865546EE26AE413E609462D	1186	src/components/ui/CategoryBadge.tsx
79ED36A35FFF9590B581C6129231B40156D9D435BEA76131CF6ED53BB3BCF6E4	2797	src/components/ui/ContentCard.tsx
FCC514CABB37CC025466946BBD17257797FB3A64F38B37941E4D4D85779E19C1	2216	src/components/ui/DateField.tsx
BD9A0726220B141F2A5994124A7ED1E84A1DB6F42CDA0D26B590118808B49998	3515	src/components/ui/DatePicker.tsx
63DB66BE85953251671D500083F8B979AF7EE6C1F01805D14E2925544C9536EB	530	src/components/ui/DatePickerDialog.tsx
C21CCF3A11F297FEEC722781FD6DBA9C7F8EC01CBCAB1F480914E9EFDF87BC4B	1100	src/components/ui/DropdownMenu.tsx
E2DE429AD2C54578A42A16DFA296EA0789B8BDFA7F9B4BEFF5BB7BE56366EAF0	1652	src/components/ui/DropdownMenuButton.tsx
A8756EB0AB1C3CEE3408B07D420CD5EBA01D383DDB59C36BA60BB08270A83A64	1286	src/components/ui/DropdownMenuItem.tsx
D41A6B1275087AD723C3E2208716FEF61A667A09AB06AE439698D9918447BAEE	1173	src/components/ui/DropdownMenuSection.tsx
47EF029EC9692DCDCB1EB84AD4FA95F772294259AD05921D01FC3740F1A38D75	560	src/components/ui/FallbackProfilePhoto.tsx
143C3FF7940262299FC6285AAEC881E5A146934FDB732615D83426429142185E	1113	src/components/ui/Popover.tsx
A5C8267A0F8594C298A7849AE759F596086A69E096005CD947EA1E57AB294813	899	src/components/ui/ProfilePhoto.tsx
CD9C180EA4395439B29850829B32407E238E7A868D727400250ED058FA997134	1449	src/components/ui/RelativeTime.tsx
EB6678D0FCB2A3AFE7B32E00B6E53C06DC5A4315CC1F44D37DC6F273F88A1B28	379	src/components/ui/ResponsiveContainer.tsx
919A38A9E7581E737E940D0B249C943134076C9CFD3A807271B22FD6D4D4A44E	4490	src/components/ui/Select.tsx
A5DB4B2F3A72A21DDF859224ED9BC2C64EB8C9EFFD8F23457BBB53F94141FF01	2758	src/components/ui/SelectListBox.tsx
A3288D43E13CD16F896B47818CC7E29E5B7341BF401A1C061BF2531D287A2FF7	162	src/components/ui/SemiBold.tsx
B0BE346BF26FD17F41D8198085301D7D25BEE843D2C527F81076C7F010176232	1626	src/components/ui/Switch.tsx
276EF401308A350CA10B6BAB6348F81104E69AF2E459851B0475020B524D71F4	2923	src/components/ui/TextInput.tsx
46F5099F4EE610163327E086D30D5DA4C93E447B652E04F6F3FF28F8B6814635	3564	src/components/ui/Textarea.tsx
F06C8AD6F94E8258B0738A30515736EEF2ADBE92C00648393276042304D5A314	1846	src/components/ui/ThemeSwitch.tsx
B366479F4D6A0333D4C9C734486B3C5DDFBFADF02F812E9FBE3C7D45CFEFD0F9	2256	src/components/ui/Toast.tsx
AB6F647842805EE4667A312858D19DABFA9502C0AF66F99C125BED18B5DEDBEF	1213	src/components/ui/ToastRegion.tsx
B0E95AC02131F0679242A2F2208CB6C1499CA0F896B5CB927458D6603CC28D87	1994	src/components/ui/ToggleStepper.tsx
390C1C64D6972F959CD467E94CA27BB823113026F6794E36BDB2E912CE537741	1823	src/components/ui/variants/buttonVariants.ts
D257E0B782DAAE894AE279522D8927428EAF75E18641289B00C2F4C7E1FE5C03	8109	src/components/upgrade/UpgradeModal.tsx
E94A60E32240510491C41142E5D1DA5B6CFEEE1C7BFEEC1BB1082BF10B214925	17754	src/components/zeus/ZeusChat.tsx
C7DBCAC5F9562B110F0B67A0A0CCD32E70DDA8224DA1DF47DA1F9282B4D49A05	230	src/constants/index.ts
26FAD3A9EEF73471B4D89CC0097DFC2AC445790A8D0FD0ABA4DDBC46A9674816	5227	src/contexts/DialogsContext.tsx
09A2795D5035D1EA7452D3923AEE08F005DA5A4BD617A5AF6A45D0C65A01B140	347	src/contexts/ReactQueryProvider.tsx
5D0955E9B0C098D116A31F440F8108936B80D64B209329B2400A6F547260DD8F	1233	src/contexts/ShouldAnimateContext.tsx
B3A7D6D910E98DD92C07ECAF9B8EDE818C38AE375595698CAEB45FA72BF5B2BC	1626	src/contexts/ThemeContext.tsx
46311321B0DD83984BE9555A4BA5DF53254A754D326FB465BBEEA5396094C1B4	1074	src/contexts/ToastContext.tsx
57F9A95E9F295012CDF74C8BAABD32193C4EF52F945CF35A25B4E0ED8512A798	661	src/data/botPersonalities.ts
766ED498D2BF9C5FBA066E71EE0F130BC9AFB8B53D312181C5D47D5B70853DB9	662	src/data/botPersonalityTypes.ts
E93B599D77A3A17FBEB4A74756FB8BB0A5F4C38FE14D8C9E62D1A4839232682C	32295	src/data/people.ts
50F4CFD59D10818025F1D28B909DCA0A04655DF4A913B687769AFFE0C28465BC	66691	src/data/spacebots.ts
3ED76B2EED254163C641CB78AF2FF014ACADE7543A14E451D2618B2D5D1C29C5	2850	src/db/hermes-schema.ts
4723EC9B8ABE23D829618E19984EAB18B288325ECC0FDB6D43B25F63797D9839	1309	src/db/index.ts
EBAAEAE39BB8152FC6B21596F3BD9A02981AF097859B165C8DC44412D5855E95	7605	src/db/machine-social.ts
4C96C18D28C4AE733A2C74DBD2B35110EC06BB77441550AFF761906FDD74A8D2	690	src/db/openjudge-schema.ts
F620BF65F754E7DFA6109CBCE5DE63356182336A2F2ACDCC9CA6B57175130FAE	60283	src/db/schema.ts
979C4B184C5B33D0F8F3200F03AADBD4A1EBD22DBAD34C144C076A759F3A2606	2828	src/db/ticker-schema.ts
63FA9FE12B9E730CA4BC67C87F4DA39AAC3677CE81557CD463E67F1D13AC8CC4	1683	src/hooks/mutations/useCommentLikesMutations.ts
3F5BF7595127DD5B62EC00791E13789094323340E4E92F88979252C71292D18F	1834	src/hooks/mutations/useUpdateDeleteCommentMutations.ts
C30EBCC5BA265F7B4E6AD61408F9057E61699550CCC818A2734172AB6CFAC2A1	277	src/hooks/useActiveRouteChecker.ts
ABFC37726179979DC9E7B947590AD5ED9F55DFB4F4FCEE87BAA2A97D0A633B02	933	src/hooks/useAuthGate.ts
DEF756607EB7C9EE1047CE309F75253267C6E2DB9F6DB61711FB3D8B42E4309B	3397	src/hooks/useClerkHuman.ts
86BF430CCFED861583CF16EA97654E2C7D6D750DCF627D34AC7A1B27DA28BE3E	685	src/hooks/useClickOutside.ts
1175EA3211BF32E38AF00853352379DD46A479B1203398528E6B44391693B7E7	1168	src/hooks/useDialogs.ts
C78EC07BD94FAD67564664A9F3AF01157C70AA5BF34A2B7FBCF987F521493554	475	src/hooks/useErrorNotifier.ts
C859E679AC70949FFFB41ACB6E3D986BE5C23543B6953BD902D7557F85A56FFD	593	src/hooks/useLikeUnlikeComments.ts
62EE83D91D759F91FAF4F69BC59576F7432FBEEBEA44CC7F23C54BACAEF06688	652	src/hooks/useOnScreen.ts
1FD92BF97F63028A6AD34665A796AE8F5935F609458A83E955DEAFF03193BF41	191	src/hooks/useShouldAnimate.ts
BE24E561E2EF0224A6A79CD105FE496C68EE99C4C00FD51B8B7BA0076B7C1F6F	604	src/hooks/useSiteTheme.ts
729B229E559E6DA84E3B28DB55F6F0717F26FAFB5E6B80F4A90EDEF03D5A18B0	467	src/hooks/useTheme.ts
28E95DD82135AD0915F8A843D3333EEE827AEEAECD309ACB2139A4141D92DAF4	406	src/hooks/useToast.ts
869964607C85EE97683F189F7E58E6A7DF98217230A11445294887B325ED937A	1350	src/hooks/useUpdateDeleteComments.ts
E5E17F464DA45D1C9BE285324A99B169A8719F2E431A8C44B9B33026BACB2C69	1054	src/lib/agent-colors.ts
70D2100E15E582541F40554BB29EF5546F49E8DBF8C8A3A128E005C39462FDE6	3809	src/lib/agentscope/client.ts
6C2088B690B5ED5FD7D8E62160698E74071C4AA2166D95F2EEC43975C4CDA84C	8883	src/lib/assembly-line-client.ts
5E40FA3BB469C89BE435706E688275E68F6B0761F6703BF365A016F6AED65F6D	2864	src/lib/auth.ts
DE6B9CD6ECEE80371BD9F73B0B50734F7A224C202F5FB41938F3BE3E6F0A41B1	1245	src/lib/bot-colors.ts
FD304025FBDEFAFCFE7C62323BA6F3B40588618094E10B9DA6B99661D11734D1	3340	src/lib/buddy/validate-token.ts
064741DBCD28192B74C1815ABCD781AC95E25552FE7C06D68388AD89AD95DB8C	2094	src/lib/chat/canonical-chat-execution.ts
EB72524F88DDC3081734A3AC4829F9E3AEB28D0842B4886FCD6FD2C6E60632A0	1518	src/lib/chat/chat-actor.ts
1B110CA4EA40A358FE74D9F9745B2A4DE31DD9C52BD97C050DC928F6686E6AA8	7003	src/lib/chat/chat-conversation-repository.ts
F91EE84976BFD7A2623D9FA299EEE1934703CF2BE6A0EC5B34208C8F97C3494F	1356	src/lib/chat/chat-idempotency.ts
8117896560DE5B218B0D6B83C46DED2AF1600BCB4FE5A511F5E237458B1D8C67	3825	src/lib/chat/chat-target-resolver.fixtures.ts
CC37BDF613BF08523E82A6D825F7E8DF5B27CAC85055B12C5CE24D3C7529CA22	20609	src/lib/chat/chat-target-resolver.ts
BB7ACDE8EB24C5F5EF64A68F42DFCCB0C145ECB4BC5F0B1774DB6C007BD7B971	4691	src/lib/chat/public-chat-contract.fixtures.ts
28DC52752EABDF2E6A26E3D1EE0FEFF17465C41CD3A60EB5323952E9AAC38644	7588	src/lib/chat/public-chat-contract.ts
6516C4BA79A3068B4A9F599C1165141A6E1399BDA0EC4F128B70EA13C3A73227	164	src/lib/cn.ts
C4B0425D0E7BB2585159BE1F7E2ECBFD8C9AFBD5F718C3B28D8C4209394DF49F	355	src/lib/constants/machine-social.ts
D6242027F5566F4A0107434B94DCC3E1F352FAE5201E1C22D289F10F657D1551	884	src/lib/constants/profanity.ts
89028A1252110B2BC4B525D6255D706C1EB54D0659111DD7B089EAF48158ECEF	8013	src/lib/content-utils.ts
91246470501CA0B16C299E7372D542233C63F0FE8238BFF358689F61FF0C2559	644	src/lib/deductLowerMultiple.ts
C66914BA9FB4C9DDBF93E38EB35F480BC19F415DDEA3E8952C6E4A2E8D42516D	3465	src/lib/deepresearch/client.ts
CA3D80B12756870AB6943354A6AC190CBB19207E15B2D8FDA3CCC47EB9EE8F65	1687	src/lib/email/ses-client.ts
2A465CFBDD35D7A1B359B85D4D801F26F6CC04656B08EBC630171A37220045C2	4170	src/lib/email/templates.ts
242B802B9CF62A737793018E6B5B212F0611380316BF7FBE63DEFB859F8FA0CD	775	src/lib/errors/machine-social.ts
7AC4DA4116CE1208078C35F59761F30F06318BEE571655B43F580BBEAC6866E0	1725	src/lib/experience/context.ts
D2DE0E81DE8A58DB5661340E11FAB0B89BD094108504D297D4E6AFF4E96426E2	7616	src/lib/experience/evaluator.ts
7BDDA3A7E354E718A8133CA24D95D913E4BC6479BE643B1E3804738C4EC3F568	362	src/lib/experience/legacy-private-surface.ts
707372E479F6C4322C85A8F20FEAB49EAB8B476ED795D6FF6B633EB3223C344E	1234	src/lib/experience/public-chat-quarantine.ts
22F33A813F8B447BA1A4284DE11CB01548E27590AE2663F3F69CDD1A2DB8B1C7	5049	src/lib/experience/reme-experience.ts
5FB364285B74E66B8D32725B6611F577F73FD6A5B6374727DFE81C0CD01D2451	2642	src/lib/experience/schema.ts
E9660B0B5A390913669E97464E2598A1D2413A394AB163CA7E46EAC47A9C7EFF	4843	src/lib/feed.ts
DAAA68C81AC2D59BB5F352B8EB9891FECD332278801272FBBF71F67137AD76F6	19352	src/lib/feed/boot-generator.ts
1C1D1C21228D070598B75551DF84F348E49A58840C43745EA0A26CFB20172352	2186	src/lib/feed/quotes-cache.ts
194240023F57F8B96F03F74FEBD33825ABAF5C9E3E96AC1B44BE7C4F63F4B202	1647	src/lib/formDataToObject.ts
ABE79440D5487AA937F1354651DA77463BB0B529F3508785FBFC20971799829D	598	src/lib/framerVariants.ts
AF380D63C966A57136195CE3C0EDEA79BC835F1960D47B9CD816A976FE0A1265	153	src/lib/getAvatarFallback.ts
425FC71B89A13D04FE169C5FA403232846FA2090217CA04E1DFEFBADEB7AF7D0	4707	src/lib/heartbeat-db.ts
E46AF853BE1F7316F33B20F1653B960785EA6A538ACF189D8CD012B8634EFC87	1673	src/lib/hermes-auth.ts
2C3E95287B5DAE38ADF9DCACE38E2EB7051BD1BEF2BD57FC7352563278664B83	10319	src/lib/human-api.ts
FCA48E92ED0DEF77B993880596D4EA91B29D92EB2D89F3388861C7131CFD1CFA	839	src/lib/humhub-auth.ts
3EA2A7122A104A3E522E95335E9C6A70938BAC5B13B649A56A1172DFA86979AA	484	src/lib/humhub-db.ts
6427FF83901B08C78E758C7F87B51571313CF1C3184C4E94514E9244CE1184AB	49	src/lib/isOdd.ts
B47EBA0E22DCF39D6D5315F6F2C2ACD244BFB399E49B05D8852F765B1324A3D6	178	src/lib/isValidFileType.ts
D8483E950823EAA7810EC27D29F4F9E4299B06C471C400784FA1742D00CF3C33	6369	src/lib/karma.ts
F95C2F1C2725901319F1FFC1298374FD81A544307861A5C02CC629214EA44A40	2283	src/lib/lab/canonical-lab-target.ts
CCAFAB637EDA46DBCBEC1504DB1838FEB51597DD0B0189F8AAE6F7E527497B24	10361	src/lib/lab/lab-bots.ts
CDB1AB1B53491ED9B9DD75EFF6027BCF3F38F74B2E17C79E9676CB3217396F62	4954	src/lib/lab/pipeline.ts
77A42D068A82A671E2AA1112F2278AFDB904FD15B9B3B4363E9A41CCB2C3BBEB	1791	src/lib/lab/prompts/atom-spark.ts
8900C7D90D39032C7C387E6A6460A97AF3984F9C6D72FFB910DC209E1B37E3CD	1800	src/lib/lab/prompts/axiom-prime.ts
32FF0886A54960BABF5BA77A42538023DB4A75F2A3B5F552D7C8FB02E3BC55BE	1813	src/lib/lab/prompts/cipher-mind.ts
3093653E359340D79CCB1C75C2587C2CF6CC0D8668385E0BC3C6FFB25B05E611	1672	src/lib/lab/prompts/cosmo-sage.ts
5719CDE10183A9F932490EF3F57DADCA6C1748114AE782A51D0DB2D87ECFB5D7	1670	src/lib/lab/prompts/deep-current.ts
5E1D4AC781485718E5324C8BA87702B3EB86349DA94257F2F66E2438B6BA155F	1747	src/lib/lab/prompts/fauna-link.ts
70C9906F87C47EC02815FFC319324B09410003278B89F24F0F60AA2AA5914DAF	1767	src/lib/lab/prompts/flora-root.ts
1652B1A1AAC496B4B657DD3FB8A0C1953DA13576BD4F8BA05B3B21355B5683D1	7701	src/lib/lab/prompts/index.ts
FB9FBF824773872C35D9A95CE84B3B2BA2CC53FC28D3961F2395724E6CF9507D	1763	src/lib/lab/prompts/medi-core.ts
30AA4DAA1EF5877DDD9D0D946A18C185AEE87CB749CA4BAE19B2CA7F8A6EE071	1677	src/lib/lab/prompts/paleo-rex.ts
D4412C4739780C490571935C8DF6E7D614E797D95B4B1F993C2773771F08288F	1356	src/lib/lab/prompts/researchers/atom-spark.ts
1435D6B2C40C2E5CF9CB1B246C8A7E965761080EB9ACD66CCE412BE5BCE5361B	1338	src/lib/lab/prompts/researchers/axiom-prime.ts
8CE78479D4CE3C5D554078D44022F05D3191D20F3F497D14070726088C22FF35	1330	src/lib/lab/prompts/researchers/cipher-mind.ts
D516150CBA43815B2739E63347C7AF376B3EBAAE2E239E8D55C61EA1D00B7589	1348	src/lib/lab/prompts/researchers/cosmo-sage.ts
0099FF9BB1C4EFEA87CE219A0C5BF4403844918C45DE560AF3BE87A637883632	1345	src/lib/lab/prompts/researchers/deep-current.ts
A4BEC34F90CE80206BB43279E2D24BAFEE694A9F3FA126AE5CEF40E95CFBADB9	1344	src/lib/lab/prompts/researchers/fauna-link.ts
FA78F56BCA9CEA41A115CC010EC969D5427F11ECA7C19A866AB3ABF4EDDECD4E	1351	src/lib/lab/prompts/researchers/flora-root.ts
7993F8D6726F17EC8F467581E1864189C398A534502430F7616AA655E1231619	1360	src/lib/lab/prompts/researchers/medi-core.ts
56D45B6857A72E73F028C70FF51908D14A69CCC682B6E5C6835B1BD1314B4175	1351	src/lib/lab/prompts/researchers/paleo-rex.ts
C6D26BE2ECFE32317AEDC462A0599E45B075D9625E194E63C5212F15222FF3D4	1344	src/lib/lab/prompts/researchers/storm-watch.ts
24DCE8FBF90F2835A5E67A772CCBC64041D743F379BE91FC5EF36B50DA717339	1363	src/lib/lab/prompts/researchers/terra-forge.ts
213702C5BFCD88D99E3CB6795E9F9DC7005173EA3CC48C2BF98B1D2C0102AAD3	1342	src/lib/lab/prompts/researchers/volt-rush.ts
6A99AA04AF2F26EDA833C40AB42B92C7AD00DFBCB73B23F392BDCDF28CF36687	1749	src/lib/lab/prompts/storm-watch.ts
1E34278FCB8A9E0C2DC23696B64BB95FED7508FE96ACF3581EDD65EA7B05676F	1774	src/lib/lab/prompts/terra-forge.ts
A844CFEBDB1AB32D3B30BE6A723FB85EFCF450DC5F174737B2EF4D63EFE459B6	1779	src/lib/lab/prompts/volt-rush.ts
7D6158FC2529920F9F78A9904D5363BE64B0CAA5011FBFE015D014DC450AEFB8	1245	src/lib/lab/safety.ts
915186EE1C56025067EC4CF6B442F3A14CF27768CD3AAFB0D3E713EF4DC85E51	1241	src/lib/linkify.ts
50E0AD1EE2F226DE7D2A920687DF4EC4979EC8667CC9B3BE420EF8C088C3BCF7	2847	src/lib/logger.ts
D0E687D41C537223A1364A790A843FE09AACB07E77006C520B4F6E04D14C6769	4389	src/lib/lucy/cycle-contract.fixtures.ts
F65E2CE83DF85B95B7742C596A64D84DA49C64ED7D24D970222A567E32F4C05E	9209	src/lib/lucy/cycle-contract.ts
0C66EF0470B1257055FB326FA47E629F17F951EE37D89181D7ACD8F097D4FA3F	20715	src/lib/lucy/cycle-coordinator.ts
DDFE40559C30CFE90CF5CF924E5BF3163393B9F33E9707019272F0542938AD0D	9648	src/lib/lucy/cycle-repository.ts
1C14B4EC7771D7333E3E035F5A9105C9A635D1FDE0BD6453322AE2EB8391A982	3181	src/lib/lucy/internal-cycle-client.ts
0BBE9769F1099F2A50648FA381293A4A77815BFB05449536F6223C6E2B79E436	10459	src/lib/lucy/public-cycle-admission.ts
7D29854824E039CBF9EB066625F24FE5E30A26086DAD84B90749C81FB9D29384	766	src/lib/machine-auth.ts
459EE011821104D3DBC299A45334EDBFB58BE15B462AEB6B72214946A3C92339	1522	src/lib/machinePersonalities.ts
DD8E8DF7E086A14A31D5F4F40C901FA610B98B61A88C62F84873B66BAEFEFEBA	2620	src/lib/memory/reme-client.ts
09C86930271ECDD76FB4495C890D141643BF8DC61D30AF8D908898A97E4B43B8	1173	src/lib/memory/workspace.ts
B4CA2332015E998C4EAE04113AC5A30042A1F4D2ACE6445D5BCDF92B47824CA7	6394	src/lib/messaging/agent-conversation-service.ts
689407CD6395FC5EC3A5AF0888CA47F522221AE28210A1D9A9D55EF1B6992A3E	5378	src/lib/messaging/agent-message-contract.ts
69CB10FF999808DE5CFBDBDE35C41D181BA50126E99A3F69315DAA6F317FA4E3	255	src/lib/messaging/agent-message-errors.ts
B78EFE3D8F240DD0C1EF56EA37117737D2938FB6C3597BECAB0B143683429CF2	12202	src/lib/messaging/agent-message-service.ts
27502A8B4F05D165E89F49B04BA8998AAF71A70BBDC5C8402B4B010334C82A6B	812	src/lib/navigation/safe-human-redirect.ts
09F5085737384C9A4CB43A337BCEBCFB3AE9BD8677A86E8CCE3D52440717AC4F	1399	src/lib/openjudge/client.ts
A3C4E1146306A9188A3D6C307BCE5ACAB30036750E9FA91D3C7A09F7805414A0	693	src/lib/openjudge/store.ts
DF31D05ABE31C9C11E7D5797334ED1BF87B24E3DD4B301F983791826CF12F5AB	7674	src/lib/profile-themes.ts
488130A23856D271DFA5ED57C385DC90E9CA023731B15570F1BBF6BCBA192903	64	src/lib/publishing/resident-publish-authorization-error.ts
72232F605305785FFCDFEF237A4B0DA0D066E944819905B1454C790EDC299008	59	src/lib/publishing/resident-publish-conflict-error.ts
33E13188289F8858A450B0447BF0223C8EC0031808C1EA2578396B99A0E9340F	1336	src/lib/publishing/resident-publish-contract.ts
F090F121F4220DB084A25375A6AF25096A20103B85BAEA118642B8745DDDD29C	404	src/lib/publishing/resident-publish-errors.ts
E5AFE6880FB5A799B11B61504EE142EB4661DE44286430376FF82996E385F868	60	src/lib/publishing/resident-publish-integrity-error.ts
783BB337A7373085CBEEDB627D742CF9E369BA3450A353DE3C0C90A1C96AFB39	5558	src/lib/publishing/resident-publish-service.ts
E0A7B60C6E1B729ACE8685211001838D7D77FA14D890AAB5EC3D9A9422549FD6	61	src/lib/publishing/resident-publish-validation-error.ts
934812A5C9C3917E768FC20F5FC470E5F187D96AFBAC44A941A13F0C57387D12	415	src/lib/redis.ts
3EB33CF243E3E6DF59BACC6A95974377AA10D27F0AF25341DB9254E6E1177BCA	2097	src/lib/relationships/agent-relationship-contract.ts
726559E5D274CD4D6BE0315D8D2BC3B84E93A170147A2C1F3602C17B1EE1A2DA	283	src/lib/relationships/agent-relationship-errors.ts
F432D22AC005C620CD254A0DB6A406CA7F19B50349C608BBBB29E8811499CFFA	11430	src/lib/relationships/agent-relationship-service.ts
B62E1DF9BE2FF96E9A4D8EED98216E62EDB5053C01676C0D0B626D59C566B45E	866	src/lib/replaceWordAtCursor.ts
6106F4B9E53FFDE49A240F51AEE5AB7FD4D3FB5F45F39EDAE1C97E4B7B0D32C4	202	src/lib/residency/agent-resident-errors.ts
BEE6C1BCA5E2EBCA1348901089B87D1BA8F96C46D167EF110492570544855922	1872	src/lib/residency/agent-resident-query.ts
659A6D585B7FEDDFE0B862C5B91A0300F27B64E5E499074F832D8B53D9D05BD2	4723	src/lib/residency/agent-resident-service.ts
FCD3F97A5041DCDB944418728FAF0CCBA560BE58A05A9867DFEE29E80E11A34C	629	src/lib/residency/agent-resident-visibility.ts
3B4B68E05B091A4AF573C68BC809CD234BA7CB4592931C3F082C3E26F316C23C	62	src/lib/residency/resident-projection-conflict-error.ts
4D16F94ACAE2194F26EF52E1C21908B61C9D260DF3659204078E263134B30683	61	src/lib/residency/resident-projection-missing-error.ts
FA5D219CF75C86C9EE091357B2EBBF3C2708DDD3FB047AAB50822BC42A73B10F	201	src/lib/resizeTextAreaHeight.ts
7B044364BE2913869DF28AF5715C3244A2525E46B6B00787217675F2D6B769A0	319	src/lib/s3/deleteObject.ts
A6845F42F6BD7B477683D4A96A1375A23DBC7E8574B8D6D4406DFA46E682C94B	458	src/lib/s3/fileNameToUrl.ts
C1D38882311479C443DB2B11455430B3ED83D959D0A634C0B33AA9D6F648B19F	351	src/lib/s3/s3Client.ts
AA45463F08F06BD2184125E9A5FA68FC4C91907DA6B9D56B0B081200F308E30A	380	src/lib/s3/uploadObject.ts
67C804F3362A262826F7AA7B27692932DEEBF395CC66F53EED4871A5641CCF37	1134	src/lib/sanitize-input.ts
27963681A4888FB6DB88704024100E2C98532EE51F6E5423514D73E32BC99B02	2758	src/lib/security/agent-credential-auth.ts
1066B0337794BD7A5903F1065413E8DE8F9BA7E9DDE45BA845CAB55BB7E8288C	1743	src/lib/security/agent-credential-input.ts
FC26009A95129489BE7EC9547F37B9C67CBD3DE702F557037511A14450D9F612	13780	src/lib/security/ai-verification.ts
68A5B54293A66CFEF308FB6A557C04F8A3D3DD9BF1D575E192927BBFC44C80CD	5048	src/lib/security/api-keys.ts
ABEA4A65701263D806D04E14CCD1C0BF939E2DBE45582D0B37F0B277E9543CC5	9200	src/lib/security/audit.ts
5B8BB3BDE86E28C3C312F4FF1EAB630A955FAD3DF45CEAF29A016782AB62ED12	6683	src/lib/security/claiming-human.ts
20A9CBFB6C28F96880D9E55E1A20490002164D021D67D37FE7116F4EA02519DB	1505	src/lib/security/clerk-auth.ts
DF7B3B8BDF72F3C723899CE07EEFF0A2DE1C7C7B9780EBA6BDBF0E7DCA837725	5492	src/lib/security/cors.ts
B1895908A8AF1A5775FFA5D12B1AE7ECA54B1F98751F442B68258BC5A9449BE6	2685	src/lib/security/hcaptcha.ts
753D3F3D88E5ED8135E1F79A5D37C3632F2F4F350B952E4C4A83E574A5EBBD1A	7762	src/lib/security/heartbeat.ts
AA854085E77D4D7F43011C7EBCDDE0A60F065507ED53937E6D9C889334C7C128	16544	src/lib/security/human-audit.ts
34D5B778FE51B14CFDC34F5D3D4D237BA5A8DF15067CCE5C56669C5EFB56C6F2	9960	src/lib/security/human-auth.ts
9FF434B968ED269E98C3F50AB14C207E5B97296F2CAD3E33CED2D130744DEBA4	7285	src/lib/security/human-data-filter.ts
013C3BE4CB3D57E56199B95D61FB3EEB51960AFEE889277945A4FD59162C540C	14427	src/lib/security/human-lockout.ts
3DF9C82209D31DAC7F61C1079B22B02A4ADBD05C91E63538CC6A92E73A2D5F03	5395	src/lib/security/index.ts
699639DD89ED452AB8AC8015CED6F51AD8802A93F26AC4218A5C822F10D408DA	2580	src/lib/security/internal-replay-store.ts
5CBDBBEF02CEA4E670342C169C69A0C1406A5FBF1099999F6899D95A444900D3	9625	src/lib/security/internal-request-signing.ts
50A448D7D23BF2995698EE344EB6CB6CBB9C5096417CF6F7F3F7611F45934743	7320	src/lib/security/jwt.ts
32C67944C95348EEAF9E0139A01075FED0365AF4D100F03B2F1EFA267FECFCBF	6445	src/lib/security/rate-limit-store.ts
663C9FA9EFFC339B3FB8B4A5F8FFAEE7B11D45296D191EAD7F1279D651233EDA	14146	src/lib/security/rate-limiter.ts
BB8F78F122B23948BBF14E2FC1654933604F4C4F633DEE5942A1554D237609D4	8686	src/lib/security/sandbox.ts
9F10091D1235C06B6EC56F2E5B205D9EAC90BFAA8886599E486A3327EDBB5E8C	15328	src/lib/security/sanitize.ts
96E6F73A8BBB9D38882E2C9A2FC2EAF96C07A203E0D5EBAB9040F42B4D2FB6D1	8944	src/lib/security/tier-separation.ts
D6763E6725D5F46FBB82F947247540CE932133FAB62573FEEED4EE8A4B4C02A2	12562	src/lib/security/validation.ts
EB3D8B9ADC74A2F061FFAE79BCF08FEA64F784320EA8AA4FE5D6ACC31873728E	275	src/lib/services/machine-auto-follow.ts
309BE413D0B41ED2FDF7302E98415CDEA4387152CC0E6821D3E3548FE45E0A9A	12406	src/lib/services/machine-comment-service.ts
EEE9B6C6F79F5D7C595FCE1F342AEE980072E451066DE4D162361D6DDDEAA289	8095	src/lib/services/machine-follow-service.ts
B195A1639C12BF739E54EFAD8785F879FC1D382BA9C860ECA8407556824C1FF9	2213	src/lib/services/machine-home-builder.ts
019A14EB8A50A0FFCFF993696075C41210772A59E9524DD44C52CE4BF3C9564E	8333	src/lib/services/machine-home-service.ts
B33DEE590DD15E99FB3A084C75897CB99640097884B9FF050EC054C55D5F3F3E	8181	src/lib/services/machine-post-service.ts
DEECDA3C5E4D4ECF65CA3B5EB9A592CE8C1F4636EC8A231E6AF1FF39690FB0D0	5153	src/lib/services/machine-vote-service.ts
5813629F2F778B8C5FE5097D5CD26C971031ABC2CFC3F30C666A860B12880FB2	799	src/lib/ses/createSendEmailCommand.ts
BA7A502E87659B67E5EBE831850098FC7CCE8241831088F253B75B8ABDFC6C5F	986	src/lib/ses/sesClient.ts
0C9837B4592433E0AFB051F1830C8DE4D04E024FA6F0AF010A8B02FDF5E6953E	13904	src/lib/site-themes.ts
2359409320E7AD429E40B1B3B682C8881526132D2398CD1FE6C4748F66AC19DA	8297	src/lib/sop-loader.ts
39E0374201775506C3D99277A8EB64D95B7AF730AE3A904BC53CD341E2127ADF	4239	src/lib/subscription.ts
3D94C5AE3A9035B194522E288741AD596B7ACF5B5F8AEBCD2644123F4E531970	258	src/lib/supabase.ts
E15DB119EE1FE0B0F5AD67963D600638D250503F4817522B51FF10D026B3E805	12788	src/lib/tasks/resident-task-contract.ts
72EF302377E1F8433362DAF7B97092AEF8EE911D092CC9335D7F2B81486CB300	359	src/lib/tasks/resident-task-errors.ts
C8E352E5097B14278BA84704F380D43CFC41963DB24925651DD55D62013ABB72	29307	src/lib/tasks/resident-task-service.ts
9EABCA5F3846043E094C4D8AF807942F52ED2BF4ED61CB448632E6E15E912B25	4372	src/lib/theme-utils.ts
CB000DEE3F1A3F7B185EE802E658E5EEB1DA39528DD396F668A13DEC3DDB0ACC	1130	src/lib/ticker/categories.ts
8C7BAFEF1942CD6EBBD5315C6B74B7D0C79F0A955E7E926DB034A36CBEAE5B74	6175	src/lib/ticker/demo-data.ts
F7D6E4115D162A36D8EC6A32E656073F4098795D0617D321682F7AF683DDE6A7	842	src/lib/ticker/homepage-contract.ts
55450C55391B611E61EBE9D138C27588B80AA48A2E3813909908FB6E5DD5BC8A	1251	src/lib/ticker/homepage-editorial.ts
3D0FD416FC25A2A17D1674EF6EC79CC4BA490B6E402529703022E7AFD1DE02D0	2985	src/lib/ticker/homepage-selection.ts
B270FD54EA6008EB54EF515E45493ABAC7B014A7E00623CB99E7EAB30A650663	4007	src/lib/ticker/source-catalog.js
B4446B02D63C770A2D529525036B47781733CBEEF29B6407F4AACEF456D9644B	1260	src/lib/ticker/types.ts
203968D4182D73DA54DA0597D791C8836974E7B8A90122914AB6C2C04852A830	757	src/lib/time-ago.ts
40E446CDAFB4B3D4EB2A0D712E1CAD2555B83F2B96EE22261A1CF8D9A6AB1023	2421	src/lib/timezone.ts
173F9FFFADA8D8343290184E1492E702F27E0BE8DF89557520AEBBF4ABD2F9EB	920	src/lib/toast.tsx
55D0D2364B6F9FCD6AAAC0349FDC0F8B17C3D3FC68DB03026335DC09CBEA5A94	214	src/lib/validations/comment.ts
2D3B423AAA65D3115549C979FC59557E3472F40D0CD401A54CEEDF1223B34A02	103	src/lib/validations/follow.ts
194F0DF52A1F52DD33A2518E750706C5AA077B590AE92D3C5008A79F85271EF5	950	src/lib/validations/post.ts
323C2D43250230718CE06375B8FE0F0F950AA3CC8954664679E4B97B53A5594D	1801	src/lib/validations/userAbout.ts
C5DC84F5F207F6F1EFCC97AD3C6E1D9EC5F91FC79F08CC064D8787C1AAABDE1B	2100	src/middleware.ts
F486B643E81A29BCA2500292BE27E000216DAEA4378F00B28DA34172404D9BE8	9010	src/providers/HumanAuthProvider.tsx
1754D1F2BEC53B45018447B9E026A178051F67272A80F79346996F5B19C71697	2590	src/providers/ProfileThemeProvider.tsx
9EB05D6CB5C1DEF67B0979A981D1DACAE453FCEDED204006E1FC34F64DBB1DE6	5640	src/providers/SiteThemeProvider.tsx
E274358208ACEB45E36653A07EA9A004E658BBB695CE977F8C71E4DEFF3F4C91	415	src/svg_components/ActionsPlus.tsx
FACD5D46AACF612C5B86D1B0DB50F165C7432302D5BCDDE625F073FE7A36620C	523	src/svg_components/ArrowChevronBack.tsx
6961E0893627043D23FDD8A7EAEFEF61BA8D91F272F4046AC780E312C964FB06	488	src/svg_components/ArrowChevronDown.tsx
76BB3029854DACA3165E192DC916BB804D809A7ECED8C1AE68C5BC0B33A76BE3	511	src/svg_components/ArrowChevronForward.tsx
B71C0920109969097B5C52708165AD2B2EEC36EC19B1EA3D825C73ACE261B668	497	src/svg_components/ArrowReply.tsx
1A4E9B6A5BC0A3FF0CEF88A0FF5ED622C705869F5672B102FCCB08475D3CC57F	577	src/svg_components/AtSign.tsx
EABBCB55C09BBA19D8844776DEB2B7B34459D2C583B7A28463CE868AAFEAE0EA	655	src/svg_components/BackArrow.tsx
E682A75C193584995BAAAD9F05B5148960ED031BC8F30BA14D0E2DED69B74871	1249	src/svg_components/BuildingBusinessOffice.tsx
34B7F4F6455D708B5641AAC528A8EFC2CEC81CD3DC1AFB4E469EE27FB5E3E618	615	src/svg_components/Bullhorn.tsx
2EA611C9BC2C378DABC93ED56677542A94D0641AD7E477ABF5CBEF51A8E1CBB9	561	src/svg_components/Calendar.tsx
EDB1A83F06ED3007D024CA2077133A978B7714F1EA63F3823713471432AFD8D7	852	src/svg_components/Camera.tsx
7F593716A77F9C03BFFB9A74868950BC31482D7F94F6F6E9D9E363687B1308C8	458	src/svg_components/Check.tsx
9EFD4A650D23F8194D51BA84143D6E253A8394F6F5525026D84162BF103D399C	555	src/svg_components/CircleActionsAlertInfo.tsx
E0569D1512E2A16E0965E8A68C4BA287EB16901F2BEB3CBC5265BBCC3F093366	548	src/svg_components/CircleActionsClose.tsx
7A31B33BCC9A34CD5BD33EA1C8A012A410CF5CCFC587FB2A1921D314EB1C980A	538	src/svg_components/CircleActionsSuccess.tsx
C7B7E2DDF4EC956985B98A2458F37C0C608FE23DB84C37419CB8A093C16EF31B	487	src/svg_components/Close.tsx
0CB9D2E6EB0D490F0CFB067CE3626B75074509FF4AD17ABB05E9CCDD58CADA89	531	src/svg_components/Comment.tsx
905DB00079A7004E975BDE0EF0B235BBF125174E2F291CEEA5841CD5858A14BF	538	src/svg_components/Delete.tsx
EF8ED67BDAE02B74120F9209B80E425F4482172A57FCD9129BE4811518011523	611	src/svg_components/DeviceLaptop.tsx
EADAE9FC0CBD7563E50B7259CFFFEA4DD26A7223BE95F2B34B36D8F138A294E5	528	src/svg_components/Edit.tsx
AC8B7B80499656D1113790A1590FDF42C72EADDC8B2234E0BB3B99B646191B60	345	src/svg_components/Ellipse.tsx
E8C95CCA07B52FF22B68A6CA2AB96C16AA296CFDDCA01C4FA8ACAC8A8A194FC0	901	src/svg_components/EmojiHappySmile.tsx
9DFC320F5FF341DF9374E7EEC9932BBBD91921C100F5DBD16DB6D26AC4BBD62B	560	src/svg_components/Facebook.tsx
D5780ED93EB2BF514BDEB2C20C345297CD1E2310358A62554A589E0A430E744A	511	src/svg_components/Feather.tsx
FE29EB11ED8B4D0A9D5104360FDA7147DFED13AD2C83E16943D9443A07026C70	688	src/svg_components/ForwardArrow.tsx
A3004CFF8B8203EA2B132C9D8ACA7D8E339975D8AB24238F35810CCE231FDE69	677	src/svg_components/FullScreenExpandResize.tsx
BA2721D295516E88A9B86782BDE6B0FAA0924250844582417EF12FAFD2677AF3	1060	src/svg_components/Github.tsx
3CDBAB6525BB1F49FAD3599437649AB98E5F40B5C7673C3EF70AC8F64FA541A9	867	src/svg_components/Google.tsx
41ED19BCE6B249CEA5D2A7C7150614BBF8586CB152E7E3C66B80DEA3E74DC371	674	src/svg_components/GridFeedCards.tsx
9681B98003CB3E03786DECD2957D17879E042674D22EC2F7353E2D8B79176131	476	src/svg_components/HamburgerMenu.tsx
6808C7DEE97B646C296D45E96A1DD24634EB9B2A6AABA7C51ACCB265B30C4E29	604	src/svg_components/Heart.tsx
05B07A5680D7C0C27D1FDBB6DDBA9C066421B86A3B916C8FC500912DAC835076	1965	src/svg_components/Hide.tsx
65B76336BD5D05902FA758544B8F31C2EADE708A6F81D2D30CD3571BC3061DDB	969	src/svg_components/Image.tsx
3FC75C1AFDB309476094334F76413F512BA3D512D02DA83ECBF4172642FA9BFD	924	src/svg_components/Loader.tsx
07632A2E62F6FE18A167BDF23A7AE1DE8606B69EF6F5CFF3881C8B05CD299A1F	395	src/svg_components/Loading.tsx
1F89F2498C42A09209089600BD3AB5FC5EFB767B3CE090E4CB3CA0D84F1AE93C	506	src/svg_components/LogInSquare.tsx
D8BA2E6C55E44D2B367B3AAEE9BA602D4FAC79651FC50BD6884EBB1E76ACA66E	510	src/svg_components/LogOutCircle.tsx
E8B3722E455B23F1AA279F2091A7CE5C13E08ADE51E696CC288FB9B5180E6654	1678	src/svg_components/Logo.tsx
C81882096C8256994BDAB3A7E03EADD1617C888C03FAF032E18E2549AF1C1A5E	707	src/svg_components/Mail.tsx
E08349EE352087B96FAB25840B2A0C531320B6872E6B9FA7238C53F018B827FB	391	src/svg_components/More.tsx
2DD7440E00DE79644E14F1B15167B34DF92DFE12DCB29049BF49D42F4E756585	405	src/svg_components/MoreVert.tsx
71041F50972BA1B834CC3AEE74A381AAEBB305275E09A2DAB98BF41FB67D66AC	1641	src/svg_components/Next.tsx
FE02D326F34D7EFA098AE92F7FC29495F35FD2A7FE9098FEA88FA46A21958220	814	src/svg_components/NotificationBell.tsx
F671E8B3A1DA572EC3A972E7BEB4C2220E9DB1CD89178C0E2C648DE64D91F562	475	src/svg_components/Other.tsx
118A256653B2B5AE0CDA8722BD601625D4C4D6E09EBB950F774AF8DF7E8D0907	1129	src/svg_components/Phone.tsx
7211BEFB4CEE15A8C2EBA809B05FAC0442104E5BD8BFB97702D9FE0B35EC51C7	565	src/svg_components/Play.tsx
E8DA594B04F35EC3D8A6AA095A1577FB3037216CD1B8BD7E765F922862D7A305	640	src/svg_components/Profile.tsx
54D28793E0346CE7161AC037361962F20E85BE27F399D1ABE0E6724292F46B24	452	src/svg_components/Search.tsx
BBEE579A3329EA2577296A61127744953DF17BD64A06C184A110EC3C1FCA87A7	553	src/svg_components/Send.tsx
E20D81A39E48C4DC35DF20A0239C12AAA087320AE11E5BF81F356C39AA7A6FF1	512	src/svg_components/ShareBack.tsx
22DC6254C2301034063F85C1DDEE0E98F98F0E1AF069B06D1D4ED5A22EDDF0FC	520	src/svg_components/TwoPeople.tsx
9FB504F1C075DE37B5E95DBA9D98A71032C11DC23BCC4B2D4E7AA9CA47520482	574	src/svg_components/Video.tsx
3DCA3ED151F7434158C9AEC4D0508443F5C1EEDAC32BC5ACCF656E30A6AA14AE	707	src/svg_components/View.tsx
BE8D6EB3890E348234748DC1A3C8909EF3A07AFA6EAE91C9FDDB876A1665A7B6	549	src/svg_components/WeatherMoon.tsx
CF75BA3900DB63F829D5226C64193E27E1FC698257D7278B7D1B84738D20FCBF	563	src/svg_components/WeatherSun.tsx
EBC8D4C4D87A4900EC470F7E81645EB00DE993E540067DADA0531BCDF89B04AA	557	src/svg_components/WorldNet.tsx
0B4DE1040946154FA8DBA6D3111A7D8D506818DDD487A5E37E7F63A4EFFEDB42	2936	src/svg_components/index.ts
13EE7250EBC9AC5A85BA6F09CB6EBDFEB7C6208182303B2D679314DFC5FAA847	245	src/types/feed.ts
2048017A30D355C0136A1B16F7500AFE7A73E269018E89616607AF7104DCC0F8	10917	src/types/human.ts
C3900BBDC7BAE6FAD6CD1BC8726FDCDCE57BEA405C75CE55FD3EA9EB6D4652B4	6465	src/types/index.ts
58E946DBB1C506E30D66CDAB8D081445B553403AD6847A23FFBAE3743E073C87	1838	src/types/lab.ts
77F0190F00DD26BAC670C74D3B4953B9AB484FC1F7C2BE035A66867B0A986BD6	608	src/types/machine-comment.ts
DBDDABEE8BEED95B3611580BCB469030B58E044C1C6DFAC47AB7A24B1245009D	764	src/types/machine-social.ts
3FCC786C3887E189AF66060D0337BDB8FC2A5EC68219F0C559B1A4EDC54FDC71	3507	src/types/profile.ts
0195AF7E9EA6E1DC98F4E6D776147122544C4F6CD01F6D4DD32D1FEFEEBB9F24	808	src/types/sql-js.d.ts
D05C9CD9BC9305234F1ED95C786DE170672F3B1CD5B029ECE82E964ABFDA09B6	4684	src/types/theme.ts
EE4274F126028638B06F49E90D4968FC6CBDA28A2FE62335466BBE2F9CFA79CD	1071	src/types/top8.ts
4ABC9C936009A2DB4F00796CE25E274BEBB4C34E062BE7635A0696E3186BB8D2	211	src/vectors/actions-plus.svg
3226BE7B90AB7934A85CFC6C0F8765532CCD5DECD164793102CC79BD94BFEE52	233	src/vectors/arrow-chevron-back.svg
DB9A13BA76EC3F0A86395A0D7D8050021A70D290059F15A9E051CD9E563B69B4	235	src/vectors/arrow-chevron-down.svg
C460793115AF4EA64F606494E033422656D5A34CE4E9C35C5F4B2E5BD063F878	229	src/vectors/arrow-chevron-forward.svg
3F268228DA2B0C5C5E543ACBCE0BA39995D2CCF2D961329876D638BF892CDA0A	278	src/vectors/arrow-reply.svg
C044C9E78784076FACE69C188B084A1F5CD887CF983FA762378B627D0EBD2F74	496	src/vectors/at-sign.svg
4329C8DCED621AD8C8822AF955E071E6E314375B3B7244813ADF9CF65388B1B1	947	src/vectors/back-arrow.svg
7FF007F2C77622FBD8762FF3E639E24C444C40454E61E2CDA7DE649A9DF72150	1281	src/vectors/building-business-office.svg
72DB09D90A7CE306F6B9927B123FB0E9864EA31A43276FD3F672980DBA22061F	510	src/vectors/bullhorn.svg
20632E56E799145EF8B75441F7142CD857993D0821CEAF845F5E63F67C3B3558	385	src/vectors/calendar.svg
6252FB70A9CB81BC4330F38178320FFA57F14B7AE4FFCA1E3B6EAB5EB3446C20	720	src/vectors/camera.svg
FC779F3451AF4B2FA1D7A745006B14C58CBE4246E859C2136DC847C6F16DCCDB	215	src/vectors/check.svg
61D9A881AB8B8A8EC70486391B3B5F90DC2EDE79AF8DAB08D2B3975F17F4ADF3	329	src/vectors/circle-actions-alert-info.svg
D7A43F2324F73DE2C82EBCD1DC1207572B0024CB56F95E226735F78ED699733A	330	src/vectors/circle-actions-close.svg
2DB2FBEC1EC995BAD8489F2D50B9590AC7583D9559D9F3C5DDB69461AC819E11	326	src/vectors/circle-actions-success.svg
E4BA96F834308D12D1279E22A7E1C4D85890EDEED66F954A5A5953B9E19714E6	307	src/vectors/close.svg
298295F668567D2A399A36AA3C663F068E82ACCB4ABA2052DA508E6E72D90B90	467	src/vectors/comment.svg
21E6154A2893C64133E48E7CB0C92795347C9C7E0148515E92A12789962109C5	376	src/vectors/delete.svg
1684999E3919E60845AAD9E36A1C17C78F098B8DBBE2783F7463D043FDC0278D	471	src/vectors/device-laptop.svg
6B9834EA7E2036E56751AAD15B51D2BA5CA282FD3024D426B9382B09D7CB5C64	357	src/vectors/edit.svg
38EF925556BE6209264130AB689A9BEEAB2E89EC0DE15E610A71BA4798FEE21D	146	src/vectors/ellipse.svg
547238647E963462A9A719B84D2950B68A345CA379C7256E7C6A63CBCA87AD6D	739	src/vectors/emoji-happy-smile.svg
1D089F20814A72C35A6FFBC600B88F80C7903C02C6A266D0258414AC78AA0C3C	273	src/vectors/facebook.svg
F93F3D8D72BC3355C9728C10BCB175EE5A2EC1ED2F55BBB8C1E92F08D8058A4B	384	src/vectors/feather.svg
4392A2F0BA827411896387D506EBC646FA7C30F2B45EE7ACAB368583E5F93572	971	src/vectors/forward-arrow.svg
843819C40F29184874E6EC05AAA0A738E8F35A58749367DB198D1E1BF31EB67F	493	src/vectors/full-screen-expand-resize.svg
867A07438DD86CFD4213942C0B15AA1C502F6D5F5901681BD8EAC0947F9A598C	776	src/vectors/github.svg
4014AAE670B7195313BF7ED360078AD2DD9C11762EFF586C553444349C6C50B4	888	src/vectors/google.svg
379BC9290BE5C79BB985D44E64B6346DB1B2EDCB315C391C2C5D18A2C59210E0	771	src/vectors/grid-feed-cards.svg
6BBF93CF8ECAB34A3A35AB0597E3807B4BFBE52B063CBC7D6DD13C76E2FDB39E	222	src/vectors/hamburger-menu.svg
0C3A5360CE26C50BF1B9EECA9FDF31278FCF76064528CD5EAB96B528ECE4B627	542	src/vectors/heart.svg
B13080E51782296E6C3A19E9E558BFFFF8AA4C971CC0D84E6C4E4561EC42F46C	3153	src/vectors/hide.svg
CB1444FCA981C994D34A8526D9CC4EE9167DE1AE8F5A900D8208F3FBAFB78CD7	651	src/vectors/image.svg
E279494937EA700AFA4DCC7A444B2D06E6E60068477CA410CB571B960291C766	1153	src/vectors/loader.svg
64424F58E64B786C951AB645F5B7055B5EFE2DAED62D137B58525612AD3ABF11	538	src/vectors/loading.svg
06D4E876F9BFBEAE863408E7745C8605B03781D2BC09770B64811F7D941C5F61	246	src/vectors/log-in-square.svg
26A7E36A7C678498E0D29EFB33BEEA5CE40DBC25DA66EE6907389D2EB833BBD0	387	src/vectors/log-out-circle.svg
D65364F1FFB9344626C9217CF3E76AC01DFA0EE3F58E95978AFB43DDBA452415	1377	src/vectors/logo.svg
0FAAD99BC29B21347892289C1F1F80117417F57940CB35633B2B36EB4715EFD9	546	src/vectors/mail.svg
78B746C22989ED4A929FD535BAFE45525FED560F7797632B5BF2C1A4F9B61421	388	src/vectors/more-vert.svg
F38F9DFACDEE62EAE1E507F67E8A08FE6137433E3B6DEA23952D50DBB5CE6F7A	388	src/vectors/more.svg
55995DFAD6ECB4945A1E856DDCA03C5E16AA5BF13FD21B4DF6A74AE79357BCFC	1375	src/vectors/next.svg
8F7C7BC9EC67668EF53AF01F5806A9A0B467063171E2AEC2FA631D546FEFBA42	756	src/vectors/notification-bell.svg
862E7A537200F5DE4EABDB6D71343EA72A3F4D53A554D5E5E8A6DCA9A495143B	335	src/vectors/other.svg
31D805CAC14C2E4340579D4722176416E6841773DC8FE1D8598E7620FFEE085A	1544	src/vectors/phone.svg
870C0A2EBFCF33856E7B1B59209EC675BA328AF429B41BAD00A018270DF9A8B9	372	src/vectors/play.svg
95ADCE04DD1BE6F67C070296D4751197B5C49FCD78F2081413A01AFEC74BCFDC	633	src/vectors/profile.svg
F785C82803EAD639E4669E237034387BD1C0618AE7D1F0D6525B48B64C4F5EE5	325	src/vectors/search.svg
8B1E90549BF61B6754AF4069129A4A7A02FF63A013DD8FA5119C538322A600BF	416	src/vectors/send.svg
9378FF205812B5F36D7214ACA6DE45A697C42DB8285A6BB21013D2AAD377C8BB	357	src/vectors/share-back.svg
83EB11E15A0BDD9F7F5BF5CD7E82F578BEAC84194632FBF0950E3CFC72A4C1D5	571	src/vectors/two-people.svg
27A83E39F530F28BBBAFD800B125C33CB32A3783477F43FD5432867BA8260B70	371	src/vectors/video.svg
8C7A9397AC85666E74587E119CAF569BA394A4DA0BA6E58736E619549D300A04	672	src/vectors/view.svg
D2447B639BCDB30C12246224721CD0C551A96ADF35C67EBC17E280FAB2B438AA	387	src/vectors/weather-moon.svg
F9AD4F368B35FADF746BF105C613BDC3DF7FA72F156CC2C99C19F42412CE6617	445	src/vectors/weather-sun.svg
CAC65E049F6FFC6361881B5F4F67B4F98140BA60559D8B62BFAA1E47B12EA640	371	src/vectors/world-net.svg
65A9C9233D8C8DE15A4B3B714EC206703B36405F9A330D4B57F789AB66565F65	483	start-spacebot.sh
EDA63748E9603D98C44F07A7927102A4FD0CA4E8D357D62D08F1DAB3D3347AB2	7126	tailwind.config.js
C00FF04FBCC35D1BE4BA4FC018044674B32401EDFF2BB6DAB0F186445E9FDFEF	274	ticker-worker/config.js
A67467A250DC301249FC75A9029EAE0AC6457E869786901DAF04F3155A893B1B	521	ticker-worker/db.js
43AF9671E452246BAC60BA1ABBE37CC0D327AACBF1B4173C288ECC66AE2F7E6C	2580	ticker-worker/health-server.js
98A201A9BC6EEA4A353BC41AFD4E331AB248150529F8FA0976038B141D855947	12237	ticker-worker/index.js
FF5833E1A154603D4C380EFEBB507CDD478D5230F4DF1CDE24201BFBD933C206	3397	ticker-worker/lib/qwen-categorize.js
E8C4FA6BCB2D8D1768953897A72DC3F5DF1DC3EEEEB6E85459AE99E9A2B12DC1	2934	ticker-worker/package-lock.json
1E902889E0140DBA1C59A8E7E5B3D12CC7F8E6A8DBC3E1AA8F8D07CC87359A7A	322	ticker-worker/package.json
664E8F01E0CBB132588536CB483D6366750AF1F5456447CB947627C87D35F448	2456	ticker-worker/pipeline/breaking-detector.js
0197AF806489A745C4196974A09A1D05B0018E93CF9EDA1FA770787E340BFE0F	1758	ticker-worker/pipeline/categorizer.js
FFB166237A586D265BE459DB683864CC1A1FFE1BDC1BCA2EE3AFF336B7FF70E9	2352	ticker-worker/pipeline/circuit-breaker.js
1277C6AAA844DF5306EF7F89BD8E64C15F36CBBD7DB939B6EDD75925E25FFF0A	3614	ticker-worker/pipeline/diversity.js
68D90B65E3B760898FE4898BD8F8D85DCEA51CE05A3F1308DFC7FC7FFD2FEC39	4341	ticker-worker/pipeline/fuzzy-dedup.js
67692F5A4E8833F8AB5DA89B4646154DE4279029B69721C6A27A394E29B3CEA3	2103	ticker-worker/pipeline/health-tracker.js
A74F49C5ADED9DCC861188172279D2F9EA5694D05FCFF590F71800AEF640FC95	899	ticker-worker/pipeline/logger.js
44CF76E5CC9855942C5AD4BB302DE6D159C29D0AC690EAD3D80306A98BC69CA2	1411	ticker-worker/pipeline/normalizer.js
ADA721C5D140683503AD866BD822A1156DD18A968D5FC0BE2722CEA5E06BBD0A	1341	ticker-worker/pipeline/quality-filter.js
D4C2CF199377FA41B7F49CACBB88C21A33327CE836EA4CCAC923C8728275C7B5	3983	ticker-worker/pipeline/scorer.js
FE873872C7ECC8802CEDFC35ADAFCC4EC258A359645E2245A987CA2621E20373	759	ticker-worker/pipeline/url-dedup.js
B51966FF61A888D643C5DDC6AA6C28AD2BBD495F1E2B33DE5D1A900AB705ECA5	270	ticker-worker/sources/ars-technica-rss.js
68DE15346FBFF4E0468348C930D3CA98F6AA1E935F7A86AF38074405AC7854BC	270	ticker-worker/sources/bbc-business-rss.js
44CE5C756F4BDE76FCD843215824066691DD5D251C2B99E3E0B88A846438C1CC	267	ticker-worker/sources/bbc-science-rss.js
C04072DD0D0FB79FF245226400563BE52F508E06FD6731F0FB79A7BA4ED1450B	258	ticker-worker/sources/bbc-tech-rss.js
EA06789FAC27CBC5B4FD4ECD00518595FB60835D961699AFFC5710DA7710E31C	261	ticker-worker/sources/bbc-world-rss.js
2A5C69B2B7FFFD3AE241A13AE4DE3D95EF3BA22B040D522DBA8AE774A780AE1B	276	ticker-worker/sources/bloomberg-tech-rss.js
381938FB9736E4418630A0BC123573221DAFC3662131C60ED23533314261432A	261	ticker-worker/sources/cnbc-tech-rss.js
9F8F2C6EB675F6283709CF161A3822BE2BFC37F079D8502543B501B85EAFA376	246	ticker-worker/sources/cnet-rss.js
EE1DC9952A458A573B33EB4F80FC450C5A36A4912AD708C4DC6EB0AE508F9999	258	ticker-worker/sources/engadget-rss.js
718563D1AB8F8BBDC49898F932492492FC5286710DBB91496A870EAF3FC01853	267	ticker-worker/sources/forbes-tech-rss.js
C013A3580A3A064B0E6EB9FC92309738544CBB909843B1FB61840E3663EEF981	258	ticker-worker/sources/fox-news-rss.js
1731EAE4C84168346A0EAC0D852F03E1B0BE63D801F44D2D5963D221DF64DB85	276	ticker-worker/sources/google-news-ai-rss.js
1827B9CC4CD50B068B45CB14AED0E5A81D75A4F67C6102744A028DBC295BAC7E	270	ticker-worker/sources/hn-ai-search-rss.js
A1A2FB0FB79EA728E2C2B7CB70580B265408F5BF577617009C65D7882F7489CA	270	ticker-worker/sources/hn-frontpage-rss.js
FC7900C9232AFCE7154CA0E221B37417B2BA39A518D2ECA5320E0408F01BBAA1	243	ticker-worker/sources/inc-rss.js
9261005FB949EFC3450B7CBB2B68FA89EE7C0EDBD0BFB045E43B0E4687318F0B	881	ticker-worker/sources/index.js
E6F7F579B40781A5A0EAA6172376E40797A70D5874CBE72D0FDD5F5AB69DC573	279	ticker-worker/sources/mit-tech-review-rss.js
EC4ED49AEF8F9773AF8864F5546FBE8C8A0FF743B305DC329896D6813E8C6799	261	ticker-worker/sources/nasa-news-rss.js
CC17590AEB45540EF0246FF2CB9E7EE2F933BD243002E880F5D0654E9DC2F133	258	ticker-worker/sources/nyt-tech-rss.js
26C1AF45747D3EF140BA73C0931496DBBFAB06B1DC94CC1ED664BC9857B60CC1	258	ticker-worker/sources/phys-org-rss.js
6AA0E5DFD738CD6BD99EC233B566940D8382CF3DD9E700D6BFB98F51ADD25F9D	273	ticker-worker/sources/reddit-artificial.js
470C530BE7D4B2688A7EAB2C1F9A85D8CF5CBC144F26E965C9AF3A1AE609C817	273	ticker-worker/sources/reddit-localllama.js
C203009A96CB00DC151B10E256790087E71027E580DDAA018512F75A4AE457DC	261	ticker-worker/sources/reddit-ml-rss.js
1108DBD5A148C34EBF34A3708CF9ED4A14D73C8E57A1C846F053E201A32A5DD5	261	ticker-worker/sources/reddit-openai.js
882529F4D3C60C629A075396FF65B52D108E381E4041BD83E71965975179F6DE	4177	ticker-worker/sources/rss-adapter.js
9FFBF5D8CA963EA2EE093CF2572748E2302F480A02714A645508CFB24D60EF52	264	ticker-worker/sources/techcrunch-rss.js
3D9FCFA36FCCB16B12DA2036D10C246E1E66A3A82E6C74078FF1C07934890823	261	ticker-worker/sources/the-verge-rss.js
4652C97B286DDFED9C7EFD031591BA4376B88CE78265E5F0DB037DC69AB69092	267	ticker-worker/sources/venturebeat-rss.js
F8991544A8C10004858579E7E9565F032532F47C5E60DD73941D6F3DC388DB95	249	ticker-worker/sources/wired-rss.js
282C6A6F9D26892D251C57069D7FFFE09536A91E7BFE78C5F95F43C056B59B64	249	ticker-worker/sources/zdnet-rss.js
0582B075C60F7B8297A736C06F7D9C848FDCC54A9FF2FEB2F3D56CB9D682583D	731	tsconfig.json
